{
  "Create Bar From Building Type Ratios": {
    "bldg_type_a": "Warehouse",
    "bldg_subtype_a": "NA",
    "bldg_type_a_num_units": 1,
    "bldg_type_b": "SmallOffice",
    "bldg_subtype_b": "NA",
    "bldg_type_b_fract_bldg_area": 0.0,
    "bldg_type_b_num_units": 1,
    "bldg_type_c": "SmallOffice",
    "bldg_subtype_c": "NA",
    "bldg_type_c_fract_bldg_area": 0.0,
    "bldg_type_c_num_units": 1,
    "bldg_type_d": "SmallOffice",
    "bldg_subtype_d": "NA",
    "bldg_type_d_fract_bldg_area": 0.0,
    "bldg_type_d_num_units": 1,
    "single_floor_area": 0.0,
    "total_bldg_floor_area": 8100.0,
    "floor_height": 30.0,
    "custom_height_bar": true,
    "num_stories_above_grade": 1.0,
    "num_stories_below_grade": 0,
    "building_rotation": 0.0,
    "template": "DOE Ref 1980-2004",
    "ns_to_ew_ratio": 1.5,
    "perim_mult": 0.0,
    "bar_sep_dist_mult": 10.0,
    "wwr": 0.05,
    "party_wall_fraction": 0.0,
    "party_wall_stories_north": 0,
    "party_wall_stories_south": 0,
    "party_wall_stories_east": 0,
    "party_wall_stories_west": 0,
    "neighbor_height_method": "Absolute",
    "building_height_relative_to_neighbors": 0.0,
    "neighbor_height_north": 0.0,
    "neighbor_height_south": 0.0,
    "neighbor_height_east": 0.0,
    "neighbor_height_west": 0.0,
    "neighbor_offset_north": 0.0,
    "neighbor_offset_south": 0.0,
    "neighbor_offset_east": 0.0,
    "neighbor_offset_west": 0.0,
    "bottom_story_ground_exposed_floor": true,
    "top_story_exterior_exposed_roof": true,
    "story_multiplier": "Basements Ground Mid Top",
    "make_mid_story_surfaces_adiabatic": false,
    "bar_division_method": "Multiple Space Types - Individual Stories Sliced",
    "double_loaded_corridor": "Primary Space Type",
    "space_type_sort_logic": "Building Type > Size",
    "use_upstream_args": true,
    "climate_zone": "ASHRAE 169-2013-8A",
    "wall_area_ip": 11022.70384252429,
    "ns_wall_area_ip": 6613.622305514562,
    "ew_wall_area_ip": 4409.081537009728,
    "floor_area_to_perim_ratio": 6.719440262402813,
    "bar_width": 73.48469228349533,
    "applicable": true
  },
  "Create Typical Building from Model": {
    "template": "DOE Ref 1980-2004",
    "system_type": "PSZ-AC with district hot water",
    "hvac_delivery_type": "Hydronic",
    "htg_src": "DistrictHeating",
    "clg_src": "Electricity",
    "swh_src": "Inferred",
    "kitchen_makeup": "None",
    "exterior_lighting_zone": "0 - Undeveloped Areas Parks",
    "add_constructions": true,
    "wall_construction_type": "Mass",
    "add_space_type_loads": true,
    "add_elevators": false,
    "add_internal_mass": true,
    "add_exterior_lights": false,
    "onsite_parking_fraction": 0.0,
    "add_exhaust": true,
    "add_swh": true,
    "add_thermostat": true,
    "add_hvac": true,
    "add_refrigeration": false,
    "modify_wkdy_op_hrs": true,
    "wkdy_op_hrs_start_time": 24.0,
    "wkdy_op_hrs_duration": 24.0,
    "modify_wknd_op_hrs": true,
    "wknd_op_hrs_start_time": 0.0,
    "wknd_op_hrs_duration": 0.0,
    "unmet_hours_tolerance": 1.0,
    "remove_objects": true,
    "use_upstream_args": true,
    "climate_zone": "ASHRAE 169-2013-8A",
    "applicable": true
  },
  "OpenStudio Results": {
    "units": "SI",
    "building_summary_section": true,
    "annual_overview_section": true,
    "monthly_overview_section": true,
    "utility_bills_rates_section": true,
    "envelope_section_section": true,
    "space_type_breakdown_section": true,
    "space_type_details_section": true,
    "interior_lighting_section": true,
    "plug_loads_section": true,
    "exterior_light_section": true,
    "water_use_section": true,
    "hvac_load_profile": true,
    "zone_condition_section": true,
    "zone_summary_section": true,
    "zone_equipment_detail_section": true,
    "air_loops_detail_section": true,
    "plant_loops_detail_section": true,
    "outdoor_air_section": true,
    "cost_summary_section": true,
    "source_energy_section": true,
    "schedules_overview_section": true,
    "measure_warning_section": true,
    "reg_monthly_details": false,
    "standards_gem_version": "0.3.0",
    "workflow_gem_version": "2.3.1",
    "building_name": "n/a",
    "total_site_energy": 128538.8888888889,
    "net_site_energy": 128538.8888888889,
    "total_building_area": 752.51,
    "total_site_eui": 170.8135292406598,
    "eui": 170.8135292406598,
    "unmet_hours_during_heating": 36.67,
    "unmet_hours_during_cooling": 0.0,
    "unmet_hours_during_occupied_heating": 0.0,
    "unmet_hours_during_occupied_cooling": 0.0,
    "unmet_hours_tolerance_heating": 0.56,
    "unmet_hours_tolerance_cooling": 0.56,
    "end_use_heating": 93327.77777777778,
    "end_use_cooling": 0.0,
    "end_use_interior_lighting": 14900.0,
    "end_use_exterior_lighting": 3313.888888888889,
    "end_use_interior_equipment": 5933.333333333333,
    "end_use_exterior_equipment": 0.0,
    "end_use_fans": 3669.444444444445,
    "end_use_pumps": 1405.5555555555554,
    "end_use_heat_rejection": 0.0,
    "end_use_humidification": 0.0,
    "end_use_heat_recovery": 0.0,
    "end_use_water_systems": 5986.111111111111,
    "end_use_refrigeration": 0.0,
    "end_use_generators": 0.0,
    "fuel_electricity": 120827.72649754168,
    "fuel_natural_gas": 0.0,
    "fuel_gasoline": 0.0,
    "fuel_diesel": 0.0,
    "fuel_coal": 0.0,
    "fuel_fuel_oil_no_1": 0.0,
    "fuel_fuel_oil_no_2": 0.0,
    "fuel_propane": 0.0,
    "fuel_other_fuel_1": 0.0,
    "fuel_other_fuel_2": 0.0,
    "fuel_district_cooling": 0.0,
    "fuel_district_heating": 317755.6895850396,
    "end_use_electricity_heating": 202.77777777777777,
    "end_use_electricity_cooling": 0.0,
    "end_use_electricity_interior_lighting": 14900.0,
    "end_use_electricity_exterior_lighting": 3313.888888888889,
    "end_use_electricity_interior_equipment": 5933.333333333333,
    "end_use_electricity_exterior_equipment": 0.0,
    "end_use_electricity_fans": 3669.444444444445,
    "end_use_electricity_pumps": 1405.5555555555554,
    "end_use_electricity_heat_rejection": 0.0,
    "end_use_electricity_humidification": 0.0,
    "end_use_electricity_heat_recovery": 0.0,
    "end_use_electricity_water_systems": 5986.111111111111,
    "end_use_electricity_refrigeration": 0.0,
    "end_use_electricity_generators": 0.0,
    "end_use_natural_gas_heating": 0.0,
    "end_use_natural_gas_cooling": 0.0,
    "end_use_natural_gas_interior_lighting": 0.0,
    "end_use_natural_gas_exterior_lighting": 0.0,
    "end_use_natural_gas_interior_equipment": 0.0,
    "end_use_natural_gas_exterior_equipment": 0.0,
    "end_use_natural_gas_fans": 0.0,
    "end_use_natural_gas_pumps": 0.0,
    "end_use_natural_gas_heat_rejection": 0.0,
    "end_use_natural_gas_humidification": 0.0,
    "end_use_natural_gas_heat_recovery": 0.0,
    "end_use_natural_gas_water_systems": 0.0,
    "end_use_natural_gas_refrigeration": 0.0,
    "end_use_natural_gas_generators": 0.0,
    "electricity_heating_ip": 202.33114076666672,
    "electricity_cooling_ip": 0.7951540861111112,
    "electricity_interior_lighting_ip": 14899.405555555557,
    "electricity_exterior_lighting_ip": 3314.1844444444446,
    "electricity_interior_equipment_ip": 5932.377777777778,
    "electricity_exterior_equipment_ip": 0.0,
    "electricity_fans_ip": 3670.5130555555556,
    "electricity_pumps_ip": 1406.0675075361112,
    "electricity_heat_rejection_ip": 0.0,
    "electricity_humidification_ip": 0.0,
    "electricity_heat_recovery_ip": 0.0,
    "electricity_water_systems_ip": 5986.769444444444,
    "electricity_refrigeration_ip": 0.0,
    "electricity_generators_ip": 0.0,
    "electricity_ip": 35412.44408016667,
    "natural_gas_heating_ip": 0.0,
    "natural_gas_cooling_ip": 0.0,
    "natural_gas_interior_lighting_ip": 0.0,
    "natural_gas_exterior_lighting_ip": 0.0,
    "natural_gas_interior_equipment_ip": 0.0,
    "natural_gas_exterior_equipment_ip": 0.0,
    "natural_gas_fans_ip": 0.0,
    "natural_gas_pumps_ip": 0.0,
    "natural_gas_heat_rejection_ip": 0.0,
    "natural_gas_humidification_ip": 0.0,
    "natural_gas_heat_recovery_ip": 0.0,
    "natural_gas_water_systems_ip": 0.0,
    "natural_gas_refrigeration_ip": 0.0,
    "natural_gas_generators_ip": 0.0,
    "natural_gas_ip": 0.0,
    "gasoline_heating_ip": 0.0,
    "gasoline_cooling_ip": 0.0,
    "gasoline_interior_lighting_ip": 0.0,
    "gasoline_exterior_lighting_ip": 0.0,
    "gasoline_interior_equipment_ip": 0.0,
    "gasoline_exterior_equipment_ip": 0.0,
    "gasoline_fans_ip": 0.0,
    "gasoline_pumps_ip": 0.0,
    "gasoline_heat_rejection_ip": 0.0,
    "gasoline_humidification_ip": 0.0,
    "gasoline_heat_recovery_ip": 0.0,
    "gasoline_water_systems_ip": 0.0,
    "gasoline_refrigeration_ip": 0.0,
    "gasoline_generators_ip": 0.0,
    "gasoline_ip": 0.0,
    "diesel_heating_ip": 0.0,
    "diesel_cooling_ip": 0.0,
    "diesel_interior_lighting_ip": 0.0,
    "diesel_exterior_lighting_ip": 0.0,
    "diesel_interior_equipment_ip": 0.0,
    "diesel_exterior_equipment_ip": 0.0,
    "diesel_fans_ip": 0.0,
    "diesel_pumps_ip": 0.0,
    "diesel_heat_rejection_ip": 0.0,
    "diesel_humidification_ip": 0.0,
    "diesel_heat_recovery_ip": 0.0,
    "diesel_water_systems_ip": 0.0,
    "diesel_refrigeration_ip": 0.0,
    "diesel_generators_ip": 0.0,
    "diesel_ip": 0.0,
    "coal_heating_ip": 0.0,
    "coal_cooling_ip": 0.0,
    "coal_interior_lighting_ip": 0.0,
    "coal_exterior_lighting_ip": 0.0,
    "coal_interior_equipment_ip": 0.0,
    "coal_exterior_equipment_ip": 0.0,
    "coal_fans_ip": 0.0,
    "coal_pumps_ip": 0.0,
    "coal_heat_rejection_ip": 0.0,
    "coal_humidification_ip": 0.0,
    "coal_heat_recovery_ip": 0.0,
    "coal_water_systems_ip": 0.0,
    "coal_refrigeration_ip": 0.0,
    "coal_generators_ip": 0.0,
    "coal_ip": 0.0,
    "fuel_oil_no_1_heating_ip": 0.0,
    "fuel_oil_no_1_cooling_ip": 0.0,
    "fuel_oil_no_1_interior_lighting_ip": 0.0,
    "fuel_oil_no_1_exterior_lighting_ip": 0.0,
    "fuel_oil_no_1_interior_equipment_ip": 0.0,
    "fuel_oil_no_1_exterior_equipment_ip": 0.0,
    "fuel_oil_no_1_fans_ip": 0.0,
    "fuel_oil_no_1_pumps_ip": 0.0,
    "fuel_oil_no_1_heat_rejection_ip": 0.0,
    "fuel_oil_no_1_humidification_ip": 0.0,
    "fuel_oil_no_1_heat_recovery_ip": 0.0,
    "fuel_oil_no_1_water_systems_ip": 0.0,
    "fuel_oil_no_1_refrigeration_ip": 0.0,
    "fuel_oil_no_1_generators_ip": 0.0,
    "fuel_oil_no_1_ip": 0.0,
    "fuel_oil_no_2_heating_ip": 0.0,
    "fuel_oil_no_2_cooling_ip": 0.0,
    "fuel_oil_no_2_interior_lighting_ip": 0.0,
    "fuel_oil_no_2_exterior_lighting_ip": 0.0,
    "fuel_oil_no_2_interior_equipment_ip": 0.0,
    "fuel_oil_no_2_exterior_equipment_ip": 0.0,
    "fuel_oil_no_2_fans_ip": 0.0,
    "fuel_oil_no_2_pumps_ip": 0.0,
    "fuel_oil_no_2_heat_rejection_ip": 0.0,
    "fuel_oil_no_2_humidification_ip": 0.0,
    "fuel_oil_no_2_heat_recovery_ip": 0.0,
    "fuel_oil_no_2_water_systems_ip": 0.0,
    "fuel_oil_no_2_refrigeration_ip": 0.0,
    "fuel_oil_no_2_generators_ip": 0.0,
    "fuel_oil_no_2_ip": 0.0,
    "propane_heating_ip": 0.0,
    "propane_cooling_ip": 0.0,
    "propane_interior_lighting_ip": 0.0,
    "propane_exterior_lighting_ip": 0.0,
    "propane_interior_equipment_ip": 0.0,
    "propane_exterior_equipment_ip": 0.0,
    "propane_fans_ip": 0.0,
    "propane_pumps_ip": 0.0,
    "propane_heat_rejection_ip": 0.0,
    "propane_humidification_ip": 0.0,
    "propane_heat_recovery_ip": 0.0,
    "propane_water_systems_ip": 0.0,
    "propane_refrigeration_ip": 0.0,
    "propane_generators_ip": 0.0,
    "propane_ip": 0.0,
    "other_fuel_1_heating_ip": 0.0,
    "other_fuel_1_cooling_ip": 0.0,
    "other_fuel_1_interior_lighting_ip": 0.0,
    "other_fuel_1_exterior_lighting_ip": 0.0,
    "other_fuel_1_interior_equipment_ip": 0.0,
    "other_fuel_1_exterior_equipment_ip": 0.0,
    "other_fuel_1_fans_ip": 0.0,
    "other_fuel_1_pumps_ip": 0.0,
    "other_fuel_1_heat_rejection_ip": 0.0,
    "other_fuel_1_humidification_ip": 0.0,
    "other_fuel_1_heat_recovery_ip": 0.0,
    "other_fuel_1_water_systems_ip": 0.0,
    "other_fuel_1_refrigeration_ip": 0.0,
    "other_fuel_1_generators_ip": 0.0,
    "other_fuel_1_ip": 0.0,
    "other_fuel_2_heating_ip": 0.0,
    "other_fuel_2_cooling_ip": 0.0,
    "other_fuel_2_interior_lighting_ip": 0.0,
    "other_fuel_2_exterior_lighting_ip": 0.0,
    "other_fuel_2_interior_equipment_ip": 0.0,
    "other_fuel_2_exterior_equipment_ip": 0.0,
    "other_fuel_2_fans_ip": 0.0,
    "other_fuel_2_pumps_ip": 0.0,
    "other_fuel_2_heat_rejection_ip": 0.0,
    "other_fuel_2_humidification_ip": 0.0,
    "other_fuel_2_heat_recovery_ip": 0.0,
    "other_fuel_2_water_systems_ip": 0.0,
    "other_fuel_2_refrigeration_ip": 0.0,
    "other_fuel_2_generators_ip": 0.0,
    "other_fuel_2_ip": 0.0,
    "district_cooling_heating_ip": 0.0,
    "district_cooling_cooling_ip": 0.0,
    "district_cooling_interior_lighting_ip": 0.0,
    "district_cooling_exterior_lighting_ip": 0.0,
    "district_cooling_interior_equipment_ip": 0.0,
    "district_cooling_exterior_equipment_ip": 0.0,
    "district_cooling_fans_ip": 0.0,
    "district_cooling_pumps_ip": 0.0,
    "district_cooling_heat_rejection_ip": 0.0,
    "district_cooling_humidification_ip": 0.0,
    "district_cooling_heat_recovery_ip": 0.0,
    "district_cooling_water_systems_ip": 0.0,
    "district_cooling_refrigeration_ip": 0.0,
    "district_cooling_generators_ip": 0.0,
    "district_cooling_ip": 0.0,
    "district_heating_heating_ip": 93125.3236111111,
    "district_heating_cooling_ip": 0.0,
    "district_heating_interior_lighting_ip": 0.0,
    "district_heating_exterior_lighting_ip": 0.0,
    "district_heating_interior_equipment_ip": 0.0,
    "district_heating_exterior_equipment_ip": 0.0,
    "district_heating_fans_ip": 0.0,
    "district_heating_pumps_ip": 0.0,
    "district_heating_heat_rejection_ip": 0.0,
    "district_heating_humidification_ip": 0.0,
    "district_heating_heat_recovery_ip": 0.0,
    "district_heating_water_systems_ip": 0.0,
    "district_heating_refrigeration_ip": 0.0,
    "district_heating_generators_ip": 0.0,
    "district_heating_ip": 93125.3236111111,
    "typical_insulated_exterior_mass_wall_r_21_28": 972.8405611906784,
    "typical_insulated_metal_building_roof_r_32_26": 752.514623999999,
    "u_0_52_shgc_0_615_simple_glazing_window_u_0_52_shgc_0_49": 51.20213479950938,
    "gross_window_wall_ratio": 5.0,
    "gross_window_wall_ratio_conditioned": 5.0,
    "skylight_roof_ratio": 0.0,
    "space_type_warehouse_bulk_doe_ref_1980_2004": 498.76669278719953,
    "space_type_warehouse_fine_doe_ref_1980_2004": 216.87471463679958,
    "space_type_warehouse_office_doe_ref_1980_2004": 36.87321657600004,
    "zone_max_hours_over_70_rh": 1909.0,
    "zone_max_hours_over_55_rh": 4694.0,
    "num_zones_x_hours_over_70": 12,
    "num_zones_x_hours_over_55": 13,
    "inflation_approach": "Constant Dollar",
    "analysis_length": 25,
    "number_of_measures_with_warnings": 1,
    "number_warnings": 56,
    "annual_peak_electric_demand": 10.933,
    "first_year_capital_cost": 0.0,
    "annual_utility_cost": 0.0,
    "total_lifecycle_cost": 0.0,
    "applicable": true
  }
}