Time,ZONE OFFICE WHOLEBUILDING - SM OFFICE 2  - STORY GROUND PSZ-AC:DesPer 1:Des Heat Mass Flow [kg/s],ZONE OFFICE WHOLEBUILDING - SM OFFICE 2  - STORY GROUND PSZ-AC:DesPer 1:Des Heat Cap [W],ZONE OFFICE WHOLEBUILDING - SM OFFICE 2  - STORY GROUND PSZ-AC:DesPer 1:Des Cool Mass Flow [kg/s],ZONE OFFICE WHOLEBUILDING - SM OFFICE 2  - STORY GROUND PSZ-AC:DesPer 1:Des Sens Cool Cap [W],ZONE OFFICE WHOLEBUILDING - SM OFFICE 2  - STORY GROUND PSZ-AC:DesPer 1:Des Tot Cool Cap [W],ZONE OFFICE WHOLEBUILDING - SM OFFICE 2  - STORY GROUND PSZ-AC:DesPer 2:Des Heat Mass Flow [kg/s],ZONE OFFICE WHOLEBUILDING - SM OFFICE 2  - STORY GROUND PSZ-AC:DesPer 2:Des Heat Cap [W],ZONE OFFICE WHOLEBUILDING - SM OFFICE 2  - STORY GROUND PSZ-AC:DesPer 2:Des Cool Mass Flow [kg/s],ZONE OFFICE WHOLEBUILDING - SM OFFICE 2  - STORY GROUND PSZ-AC:DesPer 2:Des Sens Cool Cap [W],ZONE OFFICE WHOLEBUILDING - SM OFFICE 2  - STORY GROUND PSZ-AC:DesPer 2:Des Tot Cool Cap [W],ZONE OFFICE WHOLEBUILDING - SM OFFICE 2  - STORY GROUND PSZ-AC:DesPer 3:Des Heat Mass Flow [kg/s],ZONE OFFICE WHOLEBUILDING - SM OFFICE 2  - STORY GROUND PSZ-AC:DesPer 3:Des Heat Cap [W],ZONE OFFICE WHOLEBUILDING - SM OFFICE 2  - STORY GROUND PSZ-AC:DesPer 3:Des Cool Mass Flow [kg/s],ZONE OFFICE WHOLEBUILDING - SM OFFICE 2  - STORY GROUND PSZ-AC:DesPer 3:Des Sens Cool Cap [W],ZONE OFFICE WHOLEBUILDING - SM OFFICE 2  - STORY GROUND PSZ-AC:DesPer 3:Des Tot Cool Cap [W],ZONE OFFICE WHOLEBUILDING - SM OFFICE 2  - STORY GROUND PSZ-AC:DesPer 4:Des Heat Mass Flow [kg/s],ZONE OFFICE WHOLEBUILDING - SM OFFICE 2  - STORY GROUND PSZ-AC:DesPer 4:Des Heat Cap [W],ZONE OFFICE WHOLEBUILDING - SM OFFICE 2  - STORY GROUND PSZ-AC:DesPer 4:Des Cool Mass Flow [kg/s],ZONE OFFICE WHOLEBUILDING - SM OFFICE 2  - STORY GROUND PSZ-AC:DesPer 4:Des Sens Cool Cap [W],ZONE OFFICE WHOLEBUILDING - SM OFFICE 2  - STORY GROUND PSZ-AC:DesPer 4:Des Tot Cool Cap [W],ZONE OFFICE WHOLEBUILDING - SM OFFICE 2  - STORY GROUND PSZ-AC:DesPer 5:Des Heat Mass Flow [kg/s],ZONE OFFICE WHOLEBUILDING - SM OFFICE 2  - STORY GROUND PSZ-AC:DesPer 5:Des Heat Cap [W],ZONE OFFICE WHOLEBUILDING - SM OFFICE 2  - STORY GROUND PSZ-AC:DesPer 5:Des Cool Mass Flow [kg/s],ZONE OFFICE WHOLEBUILDING - SM OFFICE 2  - STORY GROUND PSZ-AC:DesPer 5:Des Sens Cool Cap [W],ZONE OFFICE WHOLEBUILDING - SM OFFICE 2  - STORY GROUND PSZ-AC:DesPer 5:Des Tot Cool Cap [W],ZONE OFFICE WHOLEBUILDING - SM OFFICE 2  - STORY GROUND PSZ-AC:DesPer 6:Des Heat Mass Flow [kg/s],ZONE OFFICE WHOLEBUILDING - SM OFFICE 2  - STORY GROUND PSZ-AC:DesPer 6:Des Heat Cap [W],ZONE OFFICE WHOLEBUILDING - SM OFFICE 2  - STORY GROUND PSZ-AC:DesPer 6:Des Cool Mass Flow [kg/s],ZONE OFFICE WHOLEBUILDING - SM OFFICE 2  - STORY GROUND PSZ-AC:DesPer 6:Des Sens Cool Cap [W],ZONE OFFICE WHOLEBUILDING - SM OFFICE 2  - STORY GROUND PSZ-AC:DesPer 6:Des Tot Cool Cap [W],ZONE OFFICE WHOLEBUILDING - SM OFFICE 2  - STORY GROUND PSZ-AC:DesPer 7:Des Heat Mass Flow [kg/s],ZONE OFFICE WHOLEBUILDING - SM OFFICE 2  - STORY GROUND PSZ-AC:DesPer 7:Des Heat Cap [W],ZONE OFFICE WHOLEBUILDING - SM OFFICE 2  - STORY GROUND PSZ-AC:DesPer 7:Des Cool Mass Flow [kg/s],ZONE OFFICE WHOLEBUILDING - SM OFFICE 2  - STORY GROUND PSZ-AC:DesPer 7:Des Sens Cool Cap [W],ZONE OFFICE WHOLEBUILDING - SM OFFICE 2  - STORY GROUND PSZ-AC:DesPer 7:Des Tot Cool Cap [W],ZONE OFFICE WHOLEBUILDING - SM OFFICE 2  - STORY GROUND PSZ-AC:DesPer 8:Des Heat Mass Flow [kg/s],ZONE OFFICE WHOLEBUILDING - SM OFFICE 2  - STORY GROUND PSZ-AC:DesPer 8:Des Heat Cap [W],ZONE OFFICE WHOLEBUILDING - SM OFFICE 2  - STORY GROUND PSZ-AC:DesPer 8:Des Cool Mass Flow [kg/s],ZONE OFFICE WHOLEBUILDING - SM OFFICE 2  - STORY GROUND PSZ-AC:DesPer 8:Des Sens Cool Cap [W],ZONE OFFICE WHOLEBUILDING - SM OFFICE 2  - STORY GROUND PSZ-AC:DesPer 8:Des Tot Cool Cap [W],ZONE OFFICE WHOLEBUILDING - SM OFFICE 2  - STORY GROUND PSZ-AC:DesPer 9:Des Heat Mass Flow [kg/s],ZONE OFFICE WHOLEBUILDING - SM OFFICE 2  - STORY GROUND PSZ-AC:DesPer 9:Des Heat Cap [W],ZONE OFFICE WHOLEBUILDING - SM OFFICE 2  - STORY GROUND PSZ-AC:DesPer 9:Des Cool Mass Flow [kg/s],ZONE OFFICE WHOLEBUILDING - SM OFFICE 2  - STORY GROUND PSZ-AC:DesPer 9:Des Sens Cool Cap [W],ZONE OFFICE WHOLEBUILDING - SM OFFICE 2  - STORY GROUND PSZ-AC:DesPer 9:Des Tot Cool Cap [W],ZONE OFFICE WHOLEBUILDING - SM OFFICE 2  - STORY GROUND PSZ-AC:DesPer10:Des Heat Mass Flow [kg/s],ZONE OFFICE WHOLEBUILDING - SM OFFICE 2  - STORY GROUND PSZ-AC:DesPer10:Des Heat Cap [W],ZONE OFFICE WHOLEBUILDING - SM OFFICE 2  - STORY GROUND PSZ-AC:DesPer10:Des Cool Mass Flow [kg/s],ZONE OFFICE WHOLEBUILDING - SM OFFICE 2  - STORY GROUND PSZ-AC:DesPer10:Des Sens Cool Cap [W],ZONE OFFICE WHOLEBUILDING - SM OFFICE 2  - STORY GROUND PSZ-AC:DesPer10:Des Tot Cool Cap [W],ZONE OFFICE WHOLEBUILDING - SM OFFICE 2  - STORY GROUND PSZ-AC:DesPer11:Des Heat Mass Flow [kg/s],ZONE OFFICE WHOLEBUILDING - SM OFFICE 2  - STORY GROUND PSZ-AC:DesPer11:Des Heat Cap [W],ZONE OFFICE WHOLEBUILDING - SM OFFICE 2  - STORY GROUND PSZ-AC:DesPer11:Des Cool Mass Flow [kg/s],ZONE OFFICE WHOLEBUILDING - SM OFFICE 2  - STORY GROUND PSZ-AC:DesPer11:Des Sens Cool Cap [W],ZONE OFFICE WHOLEBUILDING - SM OFFICE 2  - STORY GROUND PSZ-AC:DesPer11:Des Tot Cool Cap [W],ZONE OFFICE WHOLEBUILDING - SM OFFICE 2  - STORY GROUND PSZ-AC:DesPer12:Des Heat Mass Flow [kg/s],ZONE OFFICE WHOLEBUILDING - SM OFFICE 2  - STORY GROUND PSZ-AC:DesPer12:Des Heat Cap [W],ZONE OFFICE WHOLEBUILDING - SM OFFICE 2  - STORY GROUND PSZ-AC:DesPer12:Des Cool Mass Flow [kg/s],ZONE OFFICE WHOLEBUILDING - SM OFFICE 2  - STORY GROUND PSZ-AC:DesPer12:Des Sens Cool Cap [W],ZONE OFFICE WHOLEBUILDING - SM OFFICE 2  - STORY GROUND PSZ-AC:DesPer12:Des Tot Cool Cap [W],ZONE OFFICE WHOLEBUILDING - SM OFFICE 2  - STORY GROUND PSZ-AC:DesPer13:Des Heat Mass Flow [kg/s],ZONE OFFICE WHOLEBUILDING - SM OFFICE 2  - STORY GROUND PSZ-AC:DesPer13:Des Heat Cap [W],ZONE OFFICE WHOLEBUILDING - SM OFFICE 2  - STORY GROUND PSZ-AC:DesPer13:Des Cool Mass Flow [kg/s],ZONE OFFICE WHOLEBUILDING - SM OFFICE 2  - STORY GROUND PSZ-AC:DesPer13:Des Sens Cool Cap [W],ZONE OFFICE WHOLEBUILDING - SM OFFICE 2  - STORY GROUND PSZ-AC:DesPer13:Des Tot Cool Cap [W],ZONE OFFICE WHOLEBUILDING - SM OFFICE 2  - STORY GROUND PSZ-AC:DesPer14:Des Heat Mass Flow [kg/s],ZONE OFFICE WHOLEBUILDING - SM OFFICE 2  - STORY GROUND PSZ-AC:DesPer14:Des Heat Cap [W],ZONE OFFICE WHOLEBUILDING - SM OFFICE 2  - STORY GROUND PSZ-AC:DesPer14:Des Cool Mass Flow [kg/s],ZONE OFFICE WHOLEBUILDING - SM OFFICE 2  - STORY GROUND PSZ-AC:DesPer14:Des Sens Cool Cap [W],ZONE OFFICE WHOLEBUILDING - SM OFFICE 2  - STORY GROUND PSZ-AC:DesPer14:Des Tot Cool Cap [W],ZONE OFFICE WHOLEBUILDING - SM OFFICE 2  - STORY GROUND PSZ-AC:DesPer15:Des Heat Mass Flow [kg/s],ZONE OFFICE WHOLEBUILDING - SM OFFICE 2  - STORY GROUND PSZ-AC:DesPer15:Des Heat Cap [W],ZONE OFFICE WHOLEBUILDING - SM OFFICE 2  - STORY GROUND PSZ-AC:DesPer15:Des Cool Mass Flow [kg/s],ZONE OFFICE WHOLEBUILDING - SM OFFICE 2  - STORY GROUND PSZ-AC:DesPer15:Des Sens Cool Cap [W],ZONE OFFICE WHOLEBUILDING - SM OFFICE 2  - STORY GROUND PSZ-AC:DesPer15:Des Tot Cool Cap [W],ZONE OFFICE WHOLEBUILDING - SM OFFICE 2  - STORY GROUND PSZ-AC:DesPer16:Des Heat Mass Flow [kg/s],ZONE OFFICE WHOLEBUILDING - SM OFFICE 2  - STORY GROUND PSZ-AC:DesPer16:Des Heat Cap [W],ZONE OFFICE WHOLEBUILDING - SM OFFICE 2  - STORY GROUND PSZ-AC:DesPer16:Des Cool Mass Flow [kg/s],ZONE OFFICE WHOLEBUILDING - SM OFFICE 2  - STORY GROUND PSZ-AC:DesPer16:Des Sens Cool Cap [W],ZONE OFFICE WHOLEBUILDING - SM OFFICE 2  - STORY GROUND PSZ-AC:DesPer16:Des Tot Cool Cap [W],ZONE OFFICE WHOLEBUILDING - SM OFFICE 2  - STORY GROUND PSZ-AC:DesPer17:Des Heat Mass Flow [kg/s],ZONE OFFICE WHOLEBUILDING - SM OFFICE 2  - STORY GROUND PSZ-AC:DesPer17:Des Heat Cap [W],ZONE OFFICE WHOLEBUILDING - SM OFFICE 2  - STORY GROUND PSZ-AC:DesPer17:Des Cool Mass Flow [kg/s],ZONE OFFICE WHOLEBUILDING - SM OFFICE 2  - STORY GROUND PSZ-AC:DesPer17:Des Sens Cool Cap [W],ZONE OFFICE WHOLEBUILDING - SM OFFICE 2  - STORY GROUND PSZ-AC:DesPer17:Des Tot Cool Cap [W],ZONE OFFICE WHOLEBUILDING - SM OFFICE 2  - STORY GROUND PSZ-AC:DesPer18:Des Heat Mass Flow [kg/s],ZONE OFFICE WHOLEBUILDING - SM OFFICE 2  - STORY GROUND PSZ-AC:DesPer18:Des Heat Cap [W],ZONE OFFICE WHOLEBUILDING - SM OFFICE 2  - STORY GROUND PSZ-AC:DesPer18:Des Cool Mass Flow [kg/s],ZONE OFFICE WHOLEBUILDING - SM OFFICE 2  - STORY GROUND PSZ-AC:DesPer18:Des Sens Cool Cap [W],ZONE OFFICE WHOLEBUILDING - SM OFFICE 2  - STORY GROUND PSZ-AC:DesPer18:Des Tot Cool Cap [W],ZONE OFFICE WHOLEBUILDING - SM OFFICE 2  - STORY GROUND PSZ-AC:DesPer19:Des Heat Mass Flow [kg/s],ZONE OFFICE WHOLEBUILDING - SM OFFICE 2  - STORY GROUND PSZ-AC:DesPer19:Des Heat Cap [W],ZONE OFFICE WHOLEBUILDING - SM OFFICE 2  - STORY GROUND PSZ-AC:DesPer19:Des Cool Mass Flow [kg/s],ZONE OFFICE WHOLEBUILDING - SM OFFICE 2  - STORY GROUND PSZ-AC:DesPer19:Des Sens Cool Cap [W],ZONE OFFICE WHOLEBUILDING - SM OFFICE 2  - STORY GROUND PSZ-AC:DesPer19:Des Tot Cool Cap [W],ZONE OFFICE WHOLEBUILDING - SM OFFICE 2  - STORY GROUND PSZ-AC:DesPer20:Des Heat Mass Flow [kg/s],ZONE OFFICE WHOLEBUILDING - SM OFFICE 2  - STORY GROUND PSZ-AC:DesPer20:Des Heat Cap [W],ZONE OFFICE WHOLEBUILDING - SM OFFICE 2  - STORY GROUND PSZ-AC:DesPer20:Des Cool Mass Flow [kg/s],ZONE OFFICE WHOLEBUILDING - SM OFFICE 2  - STORY GROUND PSZ-AC:DesPer20:Des Sens Cool Cap [W],ZONE OFFICE WHOLEBUILDING - SM OFFICE 2  - STORY GROUND PSZ-AC:DesPer20:Des Tot Cool Cap [W],ZONE OFFICE WHOLEBUILDING - SM OFFICE 2  - STORY GROUND PSZ-AC:DesPer21:Des Heat Mass Flow [kg/s],ZONE OFFICE WHOLEBUILDING - SM OFFICE 2  - STORY GROUND PSZ-AC:DesPer21:Des Heat Cap [W],ZONE OFFICE WHOLEBUILDING - SM OFFICE 2  - STORY GROUND PSZ-AC:DesPer21:Des Cool Mass Flow [kg/s],ZONE OFFICE WHOLEBUILDING - SM OFFICE 2  - STORY GROUND PSZ-AC:DesPer21:Des Sens Cool Cap [W],ZONE OFFICE WHOLEBUILDING - SM OFFICE 2  - STORY GROUND PSZ-AC:DesPer21:Des Tot Cool Cap [W],ZONE OFFICE WHOLEBUILDING - SM OFFICE 2  - STORY GROUND PSZ-AC:DesPer22:Des Heat Mass Flow [kg/s],ZONE OFFICE WHOLEBUILDING - SM OFFICE 2  - STORY GROUND PSZ-AC:DesPer22:Des Heat Cap [W],ZONE OFFICE WHOLEBUILDING - SM OFFICE 2  - STORY GROUND PSZ-AC:DesPer22:Des Cool Mass Flow [kg/s],ZONE OFFICE WHOLEBUILDING - SM OFFICE 2  - STORY GROUND PSZ-AC:DesPer22:Des Sens Cool Cap [W],ZONE OFFICE WHOLEBUILDING - SM OFFICE 2  - STORY GROUND PSZ-AC:DesPer22:Des Tot Cool Cap [W],ZONE OFFICE WHOLEBUILDING - SM OFFICE 2  - STORY GROUND PSZ-AC:DesPer23:Des Heat Mass Flow [kg/s],ZONE OFFICE WHOLEBUILDING - SM OFFICE 2  - STORY GROUND PSZ-AC:DesPer23:Des Heat Cap [W],ZONE OFFICE WHOLEBUILDING - SM OFFICE 2  - STORY GROUND PSZ-AC:DesPer23:Des Cool Mass Flow [kg/s],ZONE OFFICE WHOLEBUILDING - SM OFFICE 2  - STORY GROUND PSZ-AC:DesPer23:Des Sens Cool Cap [W],ZONE OFFICE WHOLEBUILDING - SM OFFICE 2  - STORY GROUND PSZ-AC:DesPer23:Des Tot Cool Cap [W],ZONE OFFICE WHOLEBUILDING - SM OFFICE 2  - STORY GROUND PSZ-AC:DesPer24:Des Heat Mass Flow [kg/s],ZONE OFFICE WHOLEBUILDING - SM OFFICE 2  - STORY GROUND PSZ-AC:DesPer24:Des Heat Cap [W],ZONE OFFICE WHOLEBUILDING - SM OFFICE 2  - STORY GROUND PSZ-AC:DesPer24:Des Cool Mass Flow [kg/s],ZONE OFFICE WHOLEBUILDING - SM OFFICE 2  - STORY GROUND PSZ-AC:DesPer24:Des Sens Cool Cap [W],ZONE OFFICE WHOLEBUILDING - SM OFFICE 2  - STORY GROUND PSZ-AC:DesPer24:Des Tot Cool Cap [W],ZONE OFFICE WHOLEBUILDING - SM OFFICE 2  - STORY GROUND PSZ-AC:DesPer25:Des Heat Mass Flow [kg/s],ZONE OFFICE WHOLEBUILDING - SM OFFICE 2  - STORY GROUND PSZ-AC:DesPer25:Des Heat Cap [W],ZONE OFFICE WHOLEBUILDING - SM OFFICE 2  - STORY GROUND PSZ-AC:DesPer25:Des Cool Mass Flow [kg/s],ZONE OFFICE WHOLEBUILDING - SM OFFICE 2  - STORY GROUND PSZ-AC:DesPer25:Des Sens Cool Cap [W],ZONE OFFICE WHOLEBUILDING - SM OFFICE 2  - STORY GROUND PSZ-AC:DesPer25:Des Tot Cool Cap [W],ZONE OFFICE WHOLEBUILDING - SM OFFICE 2  - STORY GROUND PSZ-AC:DesPer26:Des Heat Mass Flow [kg/s],ZONE OFFICE WHOLEBUILDING - SM OFFICE 2  - STORY GROUND PSZ-AC:DesPer26:Des Heat Cap [W],ZONE OFFICE WHOLEBUILDING - SM OFFICE 2  - STORY GROUND PSZ-AC:DesPer26:Des Cool Mass Flow [kg/s],ZONE OFFICE WHOLEBUILDING - SM OFFICE 2  - STORY GROUND PSZ-AC:DesPer26:Des Sens Cool Cap [W],ZONE OFFICE WHOLEBUILDING - SM OFFICE 2  - STORY GROUND PSZ-AC:DesPer26:Des Tot Cool Cap [W],ZONE OFFICE WHOLEBUILDING - SM OFFICE 2  - STORY GROUND PSZ-AC:DesPer27:Des Heat Mass Flow [kg/s],ZONE OFFICE WHOLEBUILDING - SM OFFICE 2  - STORY GROUND PSZ-AC:DesPer27:Des Heat Cap [W],ZONE OFFICE WHOLEBUILDING - SM OFFICE 2  - STORY GROUND PSZ-AC:DesPer27:Des Cool Mass Flow [kg/s],ZONE OFFICE WHOLEBUILDING - SM OFFICE 2  - STORY GROUND PSZ-AC:DesPer27:Des Sens Cool Cap [W],ZONE OFFICE WHOLEBUILDING - SM OFFICE 2  - STORY GROUND PSZ-AC:DesPer27:Des Tot Cool Cap [W]
01:00:00,0.000000E+00,0.000000E+00,0.000000E+00,0.000000E+00,0.000000E+00,0.000000E+00,0.000000E+00,0.000000E+00,0.000000E+00,0.000000E+00,5.179660E-01,1.510801E+04,0.000000E+00,0.000000E+00,0.000000E+00,0.000000E+00,0.000000E+00,0.000000E+00,0.000000E+00,0.000000E+00,0.000000E+00,0.000000E+00,0.000000E+00,0.000000E+00,0.000000E+00,0.000000E+00,0.000000E+00,0.000000E+00,0.000000E+00,0.000000E+00,0.000000E+00,0.000000E+00,0.000000E+00,0.000000E+00,0.000000E+00,1.729758E-02,5.979517E+02,0.000000E+00,0.000000E+00,0.000000E+00,2.369147E-02,8.189975E+02,0.000000E+00,0.000000E+00,0.000000E+00,2.963115E-02,1.024357E+03,0.000000E+00,0.000000E+00,0.000000E+00,4.114780E-02,1.422540E+03,0.000000E+00,0.000000E+00,0.000000E+00,2.343854E-02,8.102660E+02,0.000000E+00,0.000000E+00,0.000000E+00,3.910684E-02,1.351971E+03,0.000000E+00,0.000000E+00,0.000000E+00,0.000000E+00,0.000000E+00,0.000000E+00,0.000000E+00,0.000000E+00,0.000000E+00,0.000000E+00,0.000000E+00,0.000000E+00,0.000000E+00,0.000000E+00,0.000000E+00,0.000000E+00,0.000000E+00,0.000000E+00,0.000000E+00,0.000000E+00,0.000000E+00,0.000000E+00,0.000000E+00,0.000000E+00,0.000000E+00,0.000000E+00,0.000000E+00,0.000000E+00,2.351808E-02,8.129964E+02,0.000000E+00,0.000000E+00,0.000000E+00,0.000000E+00,0.000000E+00,0.000000E+00,0.000000E+00,0.000000E+00,0.000000E+00,0.000000E+00,0.000000E+00,0.000000E+00,0.000000E+00,0.000000E+00,0.000000E+00,0.000000E+00,0.000000E+00,0.000000E+00,0.000000E+00,0.000000E+00,0.000000E+00,0.000000E+00,0.000000E+00,0.000000E+00,0.000000E+00,0.000000E+00,0.000000E+00,0.000000E+00,0.000000E+00,0.000000E+00,0.000000E+00,0.000000E+00,0.000000E+00,0.000000E+00,0.000000E+00,0.000000E+00,0.000000E+00,0.000000E+00,0.000000E+00,0.000000E+00,0.000000E+00,0.000000E+00,0.000000E+00
02:00:00,0.000000E+00,0.000000E+00,0.000000E+00,0.000000E+00,0.000000E+00,0.000000E+00,0.000000E+00,0.000000E+00,0.000000E+00,0.000000E+00,5.179721E-01,1.510818E+04,0.000000E+00,0.000000E+00,0.000000E+00,0.000000E+00,0.000000E+00,0.000000E+00,0.000000E+00,0.000000E+00,0.000000E+00,0.000000E+00,0.000000E+00,0.000000E+00,0.000000E+00,0.000000E+00,0.000000E+00,0.000000E+00,0.000000E+00,0.000000E+00,0.000000E+00,0.000000E+00,0.000000E+00,0.000000E+00,0.000000E+00,2.048739E-02,7.082291E+02,0.000000E+00,0.000000E+00,0.000000E+00,2.673189E-02,9.241162E+02,0.000000E+00,0.000000E+00,0.000000E+00,3.351603E-02,1.158679E+03,0.000000E+00,0.000000E+00,0.000000E+00,4.470850E-02,1.545671E+03,0.000000E+00,0.000000E+00,0.000000E+00,2.666083E-02,9.216745E+02,0.000000E+00,0.000000E+00,0.000000E+00,4.206711E-02,1.454335E+03,0.000000E+00,0.000000E+00,0.000000E+00,0.000000E+00,0.000000E+00,1.079591E-02,1.508324E+02,1.478609E+02,0.000000E+00,0.000000E+00,0.000000E+00,0.000000E+00,0.000000E+00,0.000000E+00,0.000000E+00,0.000000E+00,0.000000E+00,0.000000E+00,0.000000E+00,0.000000E+00,0.000000E+00,0.000000E+00,0.000000E+00,0.000000E+00,0.000000E+00,0.000000E+00,0.000000E+00,0.000000E+00,2.926496E-02,1.011687E+03,0.000000E+00,0.000000E+00,0.000000E+00,0.000000E+00,0.000000E+00,0.000000E+00,0.000000E+00,0.000000E+00,0.000000E+00,0.000000E+00,0.000000E+00,0.000000E+00,0.000000E+00,0.000000E+00,0.000000E+00,0.000000E+00,0.000000E+00,0.000000E+00,0.000000E+00,0.000000E+00,0.000000E+00,0.000000E+00,0.000000E+00,0.000000E+00,0.000000E+00,0.000000E+00,0.000000E+00,0.000000E+00,0.000000E+00,0.000000E+00,0.000000E+00,0.000000E+00,0.000000E+00,0.000000E+00,0.000000E+00,0.000000E+00,0.000000E+00,0.000000E+00,0.000000E+00,0.000000E+00,0.000000E+00,0.000000E+00,0.000000E+00
03:00:00,0.000000E+00,0.000000E+00,0.000000E+00,0.000000E+00,0.000000E+00,0.000000E+00,0.000000E+00,0.000000E+00,0.000000E+00,0.000000E+00,5.179780E-01,1.510835E+04,0.000000E+00,0.000000E+00,0.000000E+00,0.000000E+00,0.000000E+00,0.000000E+00,0.000000E+00,0.000000E+00,0.000000E+00,0.000000E+00,0.000000E+00,0.000000E+00,0.000000E+00,0.000000E+00,0.000000E+00,0.000000E+00,0.000000E+00,0.000000E+00,0.000000E+00,0.000000E+00,0.000000E+00,0.000000E+00,0.000000E+00,2.312862E-02,7.995431E+02,0.000000E+00,0.000000E+00,0.000000E+00,2.924995E-02,1.011177E+03,0.000000E+00,0.000000E+00,0.000000E+00,3.680458E-02,1.272386E+03,0.000000E+00,0.000000E+00,0.000000E+00,4.755318E-02,1.644050E+03,0.000000E+00,0.000000E+00,0.000000E+00,2.937814E-02,1.015625E+03,0.000000E+00,0.000000E+00,0.000000E+00,4.454151E-02,1.539900E+03,0.000000E+00,0.000000E+00,0.000000E+00,0.000000E+00,0.000000E+00,7.529472E-03,1.053354E+02,1.029869E+02,0.000000E+00,0.000000E+00,0.000000E+00,0.000000E+00,0.000000E+00,0.000000E+00,0.000000E+00,0.000000E+00,0.000000E+00,0.000000E+00,0.000000E+00,0.000000E+00,0.000000E+00,0.000000E+00,0.000000E+00,0.000000E+00,0.000000E+00,0.000000E+00,0.000000E+00,0.000000E+00,3.405559E-02,1.177324E+03,0.000000E+00,0.000000E+00,0.000000E+00,0.000000E+00,0.000000E+00,0.000000E+00,0.000000E+00,0.000000E+00,0.000000E+00,0.000000E+00,0.000000E+00,0.000000E+00,0.000000E+00,0.000000E+00,0.000000E+00,0.000000E+00,0.000000E+00,0.000000E+00,0.000000E+00,0.000000E+00,0.000000E+00,0.000000E+00,0.000000E+00,0.000000E+00,0.000000E+00,0.000000E+00,0.000000E+00,0.000000E+00,0.000000E+00,0.000000E+00,0.000000E+00,0.000000E+00,0.000000E+00,0.000000E+00,0.000000E+00,0.000000E+00,0.000000E+00,0.000000E+00,0.000000E+00,0.000000E+00,0.000000E+00,0.000000E+00,0.000000E+00
04:00:00,0.000000E+00,0.000000E+00,0.000000E+00,0.000000E+00,0.000000E+00,0.000000E+00,0.000000E+00,0.000000E+00,0.000000E+00,0.000000E+00,5.179835E-01,1.510852E+04,0.000000E+00,0.000000E+00,0.000000E+00,0.000000E+00,0.000000E+00,0.000000E+00,0.000000E+00,0.000000E+00,0.000000E+00,0.000000E+00,0.000000E+00,0.000000E+00,0.000000E+00,0.000000E+00,0.000000E+00,0.000000E+00,0.000000E+00,0.000000E+00,0.000000E+00,0.000000E+00,0.000000E+00,0.000000E+00,0.000000E+00,2.569290E-02,8.881977E+02,0.000000E+00,0.000000E+00,0.000000E+00,3.170409E-02,1.096028E+03,0.000000E+00,0.000000E+00,0.000000E+00,3.992506E-02,1.380283E+03,0.000000E+00,0.000000E+00,0.000000E+00,5.043735E-02,1.743805E+03,0.000000E+00,0.000000E+00,0.000000E+00,3.200872E-02,1.106577E+03,0.000000E+00,0.000000E+00,0.000000E+00,4.694918E-02,1.623157E+03,0.000000E+00,0.000000E+00,0.000000E+00,0.000000E+00,0.000000E+00,5.629798E-03,7.876028E+01,7.692605E+01,0.000000E+00,0.000000E+00,0.000000E+00,0.000000E+00,0.000000E+00,0.000000E+00,0.000000E+00,0.000000E+00,0.000000E+00,0.000000E+00,0.000000E+00,0.000000E+00,0.000000E+00,0.000000E+00,0.000000E+00,0.000000E+00,0.000000E+00,0.000000E+00,0.000000E+00,0.000000E+00,3.858941E-02,1.334085E+03,0.000000E+00,0.000000E+00,0.000000E+00,0.000000E+00,0.000000E+00,0.000000E+00,0.000000E+00,0.000000E+00,0.000000E+00,0.000000E+00,0.000000E+00,0.000000E+00,0.000000E+00,0.000000E+00,0.000000E+00,0.000000E+00,0.000000E+00,0.000000E+00,0.000000E+00,0.000000E+00,0.000000E+00,0.000000E+00,0.000000E+00,0.000000E+00,0.000000E+00,0.000000E+00,0.000000E+00,0.000000E+00,0.000000E+00,0.000000E+00,0.000000E+00,0.000000E+00,0.000000E+00,0.000000E+00,0.000000E+00,0.000000E+00,0.000000E+00,0.000000E+00,0.000000E+00,0.000000E+00,0.000000E+00,0.000000E+00,0.000000E+00
05:00:00,0.000000E+00,0.000000E+00,0.000000E+00,0.000000E+00,0.000000E+00,0.000000E+00,0.000000E+00,0.000000E+00,0.000000E+00,0.000000E+00,5.179888E-01,1.510867E+04,0.000000E+00,0.000000E+00,0.000000E+00,0.000000E+00,0.000000E+00,0.000000E+00,0.000000E+00,0.000000E+00,0.000000E+00,0.000000E+00,0.000000E+00,0.000000E+00,0.000000E+00,0.000000E+00,0.000000E+00,0.000000E+00,0.000000E+00,0.000000E+00,0.000000E+00,0.000000E+00,0.000000E+00,0.000000E+00,0.000000E+00,2.774237E-02,9.590564E+02,0.000000E+00,0.000000E+00,0.000000E+00,3.365180E-02,1.163373E+03,0.000000E+00,0.000000E+00,0.000000E+00,4.242659E-02,1.466785E+03,0.000000E+00,0.000000E+00,0.000000E+00,5.280037E-02,1.825525E+03,0.000000E+00,0.000000E+00,0.000000E+00,3.415007E-02,1.180618E+03,0.000000E+00,0.000000E+00,0.000000E+00,4.888089E-02,1.689960E+03,0.000000E+00,0.000000E+00,0.000000E+00,0.000000E+00,0.000000E+00,3.801854E-03,5.318751E+01,5.192918E+01,0.000000E+00,0.000000E+00,0.000000E+00,0.000000E+00,0.000000E+00,0.000000E+00,0.000000E+00,0.000000E+00,0.000000E+00,0.000000E+00,0.000000E+00,0.000000E+00,0.000000E+00,0.000000E+00,0.000000E+00,0.000000E+00,0.000000E+00,0.000000E+00,0.000000E+00,0.000000E+00,4.241144E-02,1.466244E+03,0.000000E+00,0.000000E+00,0.000000E+00,0.000000E+00,0.000000E+00,0.000000E+00,0.000000E+00,0.000000E+00,0.000000E+00,0.000000E+00,0.000000E+00,0.000000E+00,0.000000E+00,0.000000E+00,0.000000E+00,0.000000E+00,0.000000E+00,0.000000E+00,0.000000E+00,0.000000E+00,0.000000E+00,0.000000E+00,0.000000E+00,0.000000E+00,0.000000E+00,0.000000E+00,0.000000E+00,0.000000E+00,0.000000E+00,0.000000E+00,0.000000E+00,0.000000E+00,0.000000E+00,0.000000E+00,0.000000E+00,0.000000E+00,0.000000E+00,0.000000E+00,0.000000E+00,0.000000E+00,0.000000E+00,0.000000E+00,0.000000E+00
06:00:00,0.000000E+00,0.000000E+00,0.000000E+00,0.000000E+00,0.000000E+00,0.000000E+00,0.000000E+00,0.000000E+00,0.000000E+00,0.000000E+00,5.179938E-01,1.510882E+04,0.000000E+00,0.000000E+00,0.000000E+00,0.000000E+00,0.000000E+00,0.000000E+00,0.000000E+00,0.000000E+00,0.000000E+00,0.000000E+00,0.000000E+00,0.000000E+00,0.000000E+00,0.000000E+00,0.000000E+00,0.000000E+00,0.000000E+00,0.000000E+00,0.000000E+00,0.000000E+00,0.000000E+00,0.000000E+00,0.000000E+00,2.790043E-02,9.645282E+02,0.000000E+00,0.000000E+00,0.000000E+00,3.371384E-02,1.165526E+03,0.000000E+00,0.000000E+00,0.000000E+00,4.297530E-02,1.485775E+03,0.000000E+00,0.000000E+00,0.000000E+00,5.334436E-02,1.844353E+03,0.000000E+00,0.000000E+00,0.000000E+00,3.456169E-02,1.194858E+03,0.000000E+00,0.000000E+00,0.000000E+00,4.908144E-02,1.696910E+03,0.000000E+00,0.000000E+00,0.000000E+00,0.000000E+00,0.000000E+00,3.170545E-02,4.435554E+02,4.329247E+02,0.000000E+00,0.000000E+00,0.000000E+00,0.000000E+00,0.000000E+00,0.000000E+00,0.000000E+00,0.000000E+00,0.000000E+00,0.000000E+00,0.000000E+00,0.000000E+00,0.000000E+00,0.000000E+00,0.000000E+00,0.000000E+00,0.000000E+00,0.000000E+00,0.000000E+00,0.000000E+00,4.405522E-02,1.523097E+03,0.000000E+00,0.000000E+00,0.000000E+00,0.000000E+00,0.000000E+00,0.000000E+00,0.000000E+00,0.000000E+00,0.000000E+00,0.000000E+00,0.000000E+00,0.000000E+00,0.000000E+00,0.000000E+00,0.000000E+00,0.000000E+00,0.000000E+00,0.000000E+00,0.000000E+00,0.000000E+00,0.000000E+00,0.000000E+00,0.000000E+00,0.000000E+00,0.000000E+00,0.000000E+00,0.000000E+00,0.000000E+00,0.000000E+00,0.000000E+00,0.000000E+00,0.000000E+00,0.000000E+00,0.000000E+00,0.000000E+00,0.000000E+00,0.000000E+00,0.000000E+00,0.000000E+00,0.000000E+00,0.000000E+00,0.000000E+00,0.000000E+00
07:00:00,0.000000E+00,0.000000E+00,2.088156E-01,2.432221E+03,2.068060E+03,0.000000E+00,0.000000E+00,1.507570E-01,1.746249E+03,1.967464E+03,5.179986E-01,1.510896E+04,0.000000E+00,0.000000E+00,0.000000E+00,0.000000E+00,0.000000E+00,0.000000E+00,0.000000E+00,0.000000E+00,0.000000E+00,0.000000E+00,0.000000E+00,0.000000E+00,0.000000E+00,0.000000E+00,0.000000E+00,2.933368E-01,3.411745E+03,3.563434E+03,0.000000E+00,0.000000E+00,2.529470E-01,2.951425E+03,3.809786E+03,2.573915E-02,8.898132E+02,0.000000E+00,0.000000E+00,0.000000E+00,3.143856E-02,1.086869E+03,0.000000E+00,0.000000E+00,0.000000E+00,4.139973E-02,1.431314E+03,0.000000E+00,0.000000E+00,0.000000E+00,5.165196E-02,1.785847E+03,0.000000E+00,0.000000E+00,0.000000E+00,3.279899E-02,1.133921E+03,0.000000E+00,0.000000E+00,0.000000E+00,4.711163E-02,1.628812E+03,0.000000E+00,0.000000E+00,0.000000E+00,0.000000E+00,0.000000E+00,3.798622E-01,4.435988E+03,4.383326E+03,0.000000E+00,0.000000E+00,3.154758E-01,3.691109E+03,4.169217E+03,0.000000E+00,0.000000E+00,2.672683E-01,3.124063E+03,2.185134E+03,0.000000E+00,0.000000E+00,1.909472E-01,2.226217E+03,2.139021E+03,0.000000E+00,0.000000E+00,0.000000E+00,0.000000E+00,0.000000E+00,4.302515E-02,1.487498E+03,0.000000E+00,0.000000E+00,0.000000E+00,0.000000E+00,0.000000E+00,5.738520E-02,6.516850E+02,8.668817E+01,0.000000E+00,0.000000E+00,0.000000E+00,0.000000E+00,0.000000E+00,0.000000E+00,0.000000E+00,0.000000E+00,0.000000E+00,0.000000E+00,0.000000E+00,0.000000E+00,0.000000E+00,0.000000E+00,0.000000E+00,0.000000E+00,0.000000E+00,0.000000E+00,0.000000E+00,0.000000E+00,0.000000E+00,0.000000E+00,0.000000E+00,0.000000E+00,0.000000E+00,0.000000E+00,0.000000E+00,7.291791E-02,8.417005E+02,5.579795E+02,0.000000E+00,0.000000E+00,0.000000E+00,0.000000E+00,0.000000E+00
08:00:00,0.000000E+00,0.000000E+00,2.547309E-01,2.872785E+03,2.561851E+03,0.000000E+00,0.000000E+00,1.943581E-01,2.191651E+03,2.418568E+03,5.180032E-01,1.510909E+04,0.000000E+00,0.000000E+00,0.000000E+00,0.000000E+00,0.000000E+00,0.000000E+00,0.000000E+00,0.000000E+00,0.000000E+00,0.000000E+00,0.000000E+00,0.000000E+00,0.000000E+00,0.000000E+00,0.000000E+00,3.560446E-01,4.014968E+03,4.163695E+03,0.000000E+00,0.000000E+00,3.052995E-01,3.442295E+03,4.191766E+03,1.901482E-02,6.573458E+02,0.000000E+00,0.000000E+00,0.000000E+00,2.462577E-02,8.513361E+02,0.000000E+00,0.000000E+00,0.000000E+00,3.549141E-02,1.227037E+03,0.000000E+00,0.000000E+00,0.000000E+00,4.559933E-02,1.576570E+03,0.000000E+00,0.000000E+00,0.000000E+00,2.687157E-02,9.289933E+02,0.000000E+00,0.000000E+00,0.000000E+00,4.093575E-02,1.415282E+03,0.000000E+00,0.000000E+00,0.000000E+00,0.000000E+00,0.000000E+00,4.469846E-01,5.040613E+03,5.018716E+03,0.000000E+00,0.000000E+00,3.883125E-01,4.378635E+03,4.813224E+03,0.000000E+00,0.000000E+00,3.183024E-01,3.590003E+03,2.794370E+03,0.000000E+00,0.000000E+00,2.359638E-01,2.660986E+03,2.590132E+03,0.000000E+00,0.000000E+00,0.000000E+00,0.000000E+00,0.000000E+00,3.261322E-02,1.127527E+03,0.000000E+00,0.000000E+00,0.000000E+00,0.000000E+00,0.000000E+00,9.276386E-02,1.046608E+03,2.222935E+02,0.000000E+00,0.000000E+00,9.738105E-03,1.077533E+02,4.615570E+01,0.000000E+00,0.000000E+00,0.000000E+00,0.000000E+00,0.000000E+00,0.000000E+00,0.000000E+00,0.000000E+00,0.000000E+00,0.000000E+00,0.000000E+00,0.000000E+00,0.000000E+00,0.000000E+00,0.000000E+00,0.000000E+00,0.000000E+00,0.000000E+00,0.000000E+00,0.000000E+00,0.000000E+00,0.000000E+00,1.128004E-01,1.272177E+03,8.914430E+02,0.000000E+00,0.000000E+00,3.223594E-02,3.603530E+02,3.011535E+02
09:00:00,0.000000E+00,0.000000E+00,3.201246E-01,3.610410E+03,3.301981E+03,0.000000E+00,0.000000E+00,2.583230E-01,2.912845E+03,3.173367E+03,5.180075E-01,1.510922E+04,0.000000E+00,0.000000E+00,0.000000E+00,0.000000E+00,0.000000E+00,0.000000E+00,0.000000E+00,0.000000E+00,0.000000E+00,0.000000E+00,0.000000E+00,0.000000E+00,0.000000E+00,0.000000E+00,0.000000E+00,4.245592E-01,4.787516E+03,4.940229E+03,0.000000E+00,0.000000E+00,3.718682E-01,4.192494E+03,4.926858E+03,1.123168E-02,3.882720E+02,0.000000E+00,0.000000E+00,0.000000E+00,1.676049E-02,5.794120E+02,0.000000E+00,0.000000E+00,0.000000E+00,2.861091E-02,9.891366E+02,0.000000E+00,0.000000E+00,0.000000E+00,3.855176E-02,1.332872E+03,0.000000E+00,0.000000E+00,0.000000E+00,2.001161E-02,6.918183E+02,0.000000E+00,0.000000E+00,0.000000E+00,3.383084E-02,1.169615E+03,0.000000E+00,0.000000E+00,0.000000E+00,0.000000E+00,0.000000E+00,4.969100E-01,5.603700E+03,5.609156E+03,0.000000E+00,0.000000E+00,4.413146E-01,4.976024E+03,5.359067E+03,0.000000E+00,0.000000E+00,3.676696E-01,4.147292E+03,3.450893E+03,0.000000E+00,0.000000E+00,2.823666E-01,3.184306E+03,3.123942E+03,0.000000E+00,0.000000E+00,0.000000E+00,0.000000E+00,0.000000E+00,1.086449E-02,3.756006E+02,0.000000E+00,0.000000E+00,0.000000E+00,0.000000E+00,0.000000E+00,1.424456E-01,1.606921E+03,5.277248E+02,0.000000E+00,0.000000E+00,6.779965E-02,7.644929E+02,3.438083E+02,0.000000E+00,0.000000E+00,0.000000E+00,0.000000E+00,0.000000E+00,0.000000E+00,0.000000E+00,0.000000E+00,0.000000E+00,0.000000E+00,0.000000E+00,0.000000E+00,0.000000E+00,0.000000E+00,0.000000E+00,0.000000E+00,0.000000E+00,0.000000E+00,0.000000E+00,0.000000E+00,0.000000E+00,0.000000E+00,1.877728E-01,2.117793E+03,1.573506E+03,0.000000E+00,0.000000E+00,1.069710E-01,1.206125E+03,1.111900E+03
10:00:00,0.000000E+00,0.000000E+00,3.738630E-01,4.216519E+03,3.919564E+03,0.000000E+00,0.000000E+00,3.164722E-01,3.568495E+03,3.844627E+03,5.180116E-01,1.510934E+04,0.000000E+00,0.000000E+00,0.000000E+00,0.000000E+00,0.000000E+00,0.000000E+00,0.000000E+00,0.000000E+00,0.000000E+00,0.000000E+00,0.000000E+00,0.000000E+00,0.000000E+00,0.000000E+00,0.000000E+00,4.708003E-01,5.308949E+03,5.469696E+03,0.000000E+00,0.000000E+00,4.218848E-01,4.756341E+03,5.492976E+03,4.221999E-03,1.459478E+02,0.000000E+00,0.000000E+00,0.000000E+00,9.638572E-03,3.331968E+02,0.000000E+00,0.000000E+00,0.000000E+00,7.300502E-03,2.523866E+02,0.000000E+00,0.000000E+00,0.000000E+00,1.760377E-02,6.086050E+02,0.000000E+00,0.000000E+00,0.000000E+00,1.382554E-02,4.779483E+02,0.000000E+00,0.000000E+00,0.000000E+00,2.741326E-02,9.477156E+02,0.000000E+00,0.000000E+00,0.000000E+00,0.000000E+00,0.000000E+00,5.258125E-01,5.929628E+03,5.939777E+03,0.000000E+00,0.000000E+00,4.724740E-01,5.327387E+03,5.711149E+03,0.000000E+00,0.000000E+00,3.991560E-01,4.502451E+03,3.828791E+03,0.000000E+00,0.000000E+00,3.198275E-01,3.606765E+03,3.555513E+03,0.000000E+00,0.000000E+00,0.000000E+00,0.000000E+00,0.000000E+00,0.000000E+00,0.000000E+00,0.000000E+00,0.000000E+00,0.000000E+00,0.000000E+00,0.000000E+00,1.970811E-01,2.223465E+03,9.682116E+02,0.000000E+00,0.000000E+00,1.219199E-01,1.375119E+03,7.059160E+02,0.000000E+00,0.000000E+00,0.000000E+00,0.000000E+00,0.000000E+00,0.000000E+00,0.000000E+00,0.000000E+00,0.000000E+00,0.000000E+00,0.000000E+00,0.000000E+00,0.000000E+00,0.000000E+00,0.000000E+00,0.000000E+00,0.000000E+00,0.000000E+00,0.000000E+00,0.000000E+00,0.000000E+00,0.000000E+00,2.554140E-01,2.880869E+03,2.285173E+03,0.000000E+00,0.000000E+00,1.783987E-01,2.011829E+03,2.060355E+03
11:00:00,0.000000E+00,0.000000E+00,4.266960E-01,4.812380E+03,4.497752E+03,0.000000E+00,0.000000E+00,3.704828E-01,4.177502E+03,4.475951E+03,5.180156E-01,1.510945E+04,0.000000E+00,0.000000E+00,0.000000E+00,0.000000E+00,0.000000E+00,0.000000E+00,0.000000E+00,0.000000E+00,0.000000E+00,0.000000E+00,0.000000E+00,0.000000E+00,0.000000E+00,0.000000E+00,0.000000E+00,5.215870E-01,5.881643E+03,6.060359E+03,0.000000E+00,0.000000E+00,4.738693E-01,5.342434E+03,6.150878E+03,0.000000E+00,0.000000E+00,0.000000E+00,0.000000E+00,0.000000E+00,0.000000E+00,0.000000E+00,0.000000E+00,0.000000E+00,0.000000E+00,0.000000E+00,0.000000E+00,0.000000E+00,0.000000E+00,0.000000E+00,0.000000E+00,0.000000E+00,0.000000E+00,0.000000E+00,0.000000E+00,0.000000E+00,0.000000E+00,0.000000E+00,0.000000E+00,0.000000E+00,7.798539E-03,2.695992E+02,0.000000E+00,0.000000E+00,0.000000E+00,0.000000E+00,0.000000E+00,5.673717E-01,6.398292E+03,6.405755E+03,0.000000E+00,0.000000E+00,5.150236E-01,5.807170E+03,6.237778E+03,0.000000E+00,0.000000E+00,4.405680E-01,4.969540E+03,4.216830E+03,0.000000E+00,0.000000E+00,3.629470E-01,4.093029E+03,4.039925E+03,0.000000E+00,0.000000E+00,0.000000E+00,0.000000E+00,0.000000E+00,0.000000E+00,0.000000E+00,0.000000E+00,0.000000E+00,0.000000E+00,0.000000E+00,0.000000E+00,2.454800E-01,2.769678E+03,1.442005E+03,0.000000E+00,0.000000E+00,1.734394E-01,1.956410E+03,1.175682E+03,0.000000E+00,0.000000E+00,0.000000E+00,0.000000E+00,0.000000E+00,0.000000E+00,0.000000E+00,0.000000E+00,0.000000E+00,0.000000E+00,0.000000E+00,0.000000E+00,0.000000E+00,0.000000E+00,0.000000E+00,0.000000E+00,0.000000E+00,0.000000E+00,0.000000E+00,0.000000E+00,0.000000E+00,0.000000E+00,3.149688E-01,3.552677E+03,2.951909E+03,0.000000E+00,0.000000E+00,2.403314E-01,2.710149E+03,2.896412E+03
12:00:00,0.000000E+00,0.000000E+00,4.622594E-01,5.213502E+03,4.904476E+03,0.000000E+00,0.000000E+00,4.069907E-01,4.589145E+03,4.894509E+03,5.180193E-01,1.510956E+04,0.000000E+00,0.000000E+00,0.000000E+00,0.000000E+00,0.000000E+00,0.000000E+00,0.000000E+00,0.000000E+00,0.000000E+00,0.000000E+00,0.000000E+00,0.000000E+00,0.000000E+00,0.000000E+00,0.000000E+00,5.553592E-01,6.262460E+03,6.447945E+03,0.000000E+00,0.000000E+00,5.085605E-01,5.733464E+03,6.551002E+03,0.000000E+00,0.000000E+00,0.000000E+00,0.000000E+00,0.000000E+00,0.000000E+00,0.000000E+00,0.000000E+00,0.000000E+00,0.000000E+00,0.000000E+00,0.000000E+00,0.000000E+00,0.000000E+00,0.000000E+00,0.000000E+00,0.000000E+00,0.000000E+00,0.000000E+00,0.000000E+00,0.000000E+00,0.000000E+00,0.000000E+00,0.000000E+00,0.000000E+00,0.000000E+00,0.000000E+00,0.000000E+00,0.000000E+00,0.000000E+00,0.000000E+00,0.000000E+00,5.950511E-01,6.710452E+03,6.723268E+03,0.000000E+00,0.000000E+00,5.436302E-01,6.129667E+03,6.569050E+03,0.000000E+00,0.000000E+00,4.678086E-01,5.276926E+03,4.518537E+03,0.000000E+00,0.000000E+00,3.915581E-01,4.415692E+03,4.366256E+03,0.000000E+00,0.000000E+00,0.000000E+00,0.000000E+00,0.000000E+00,0.000000E+00,0.000000E+00,0.000000E+00,0.000000E+00,0.000000E+00,0.000000E+00,0.000000E+00,2.777352E-01,3.133686E+03,1.822152E+03,0.000000E+00,0.000000E+00,2.068771E-01,2.333690E+03,1.570778E+03,0.000000E+00,0.000000E+00,0.000000E+00,0.000000E+00,0.000000E+00,0.000000E+00,0.000000E+00,0.000000E+00,0.000000E+00,0.000000E+00,0.000000E+00,0.000000E+00,0.000000E+00,0.000000E+00,0.000000E+00,0.000000E+00,0.000000E+00,0.000000E+00,0.000000E+00,0.000000E+00,0.000000E+00,0.000000E+00,3.551661E-01,4.006091E+03,3.427517E+03,0.000000E+00,0.000000E+00,2.821267E-01,3.181317E+03,3.392773E+03
13:00:00,0.000000E+00,0.000000E+00,4.811087E-01,5.426087E+03,5.134464E+03,0.000000E+00,0.000000E+00,4.269119E-01,4.813776E+03,5.115926E+03,5.180229E-01,1.510966E+04,0.000000E+00,0.000000E+00,0.000000E+00,0.000000E+00,0.000000E+00,0.000000E+00,0.000000E+00,0.000000E+00,0.000000E+00,0.000000E+00,0.000000E+00,0.000000E+00,0.000000E+00,0.000000E+00,0.000000E+00,5.723695E-01,6.454273E+03,6.639755E+03,0.000000E+00,0.000000E+00,5.265005E-01,5.935714E+03,6.729240E+03,0.000000E+00,0.000000E+00,0.000000E+00,0.000000E+00,0.000000E+00,0.000000E+00,0.000000E+00,0.000000E+00,0.000000E+00,0.000000E+00,0.000000E+00,0.000000E+00,0.000000E+00,0.000000E+00,0.000000E+00,0.000000E+00,0.000000E+00,0.000000E+00,0.000000E+00,0.000000E+00,0.000000E+00,0.000000E+00,0.000000E+00,0.000000E+00,0.000000E+00,0.000000E+00,0.000000E+00,0.000000E+00,0.000000E+00,0.000000E+00,0.000000E+00,0.000000E+00,6.070528E-01,6.845798E+03,6.864992E+03,0.000000E+00,0.000000E+00,5.565347E-01,6.275158E+03,6.703206E+03,0.000000E+00,0.000000E+00,4.797236E-01,5.411351E+03,4.688095E+03,0.000000E+00,0.000000E+00,4.048922E-01,4.566066E+03,4.523361E+03,0.000000E+00,0.000000E+00,0.000000E+00,0.000000E+00,0.000000E+00,0.000000E+00,0.000000E+00,0.000000E+00,0.000000E+00,0.000000E+00,0.000000E+00,0.000000E+00,2.945596E-01,3.323467E+03,2.054873E+03,0.000000E+00,0.000000E+00,2.247695E-01,2.535504E+03,1.809108E+03,0.000000E+00,0.000000E+00,0.000000E+00,0.000000E+00,0.000000E+00,0.000000E+00,0.000000E+00,0.000000E+00,0.000000E+00,0.000000E+00,0.000000E+00,0.000000E+00,3.300536E-02,3.721127E+02,1.726668E+02,0.000000E+00,0.000000E+00,0.000000E+00,0.000000E+00,0.000000E+00,0.000000E+00,0.000000E+00,3.766221E-01,4.248072E+03,3.694346E+03,0.000000E+00,0.000000E+00,3.053382E-01,3.443020E+03,3.634217E+03
14:00:00,0.000000E+00,0.000000E+00,4.928584E-01,5.558576E+03,5.276153E+03,0.000000E+00,0.000000E+00,4.397591E-01,4.958652E+03,5.259764E+03,5.180262E-01,1.510976E+04,0.000000E+00,0.000000E+00,0.000000E+00,0.000000E+00,0.000000E+00,0.000000E+00,0.000000E+00,0.000000E+00,0.000000E+00,0.000000E+00,0.000000E+00,0.000000E+00,0.000000E+00,0.000000E+00,0.000000E+00,5.824063E-01,6.567458E+03,6.753524E+03,0.000000E+00,0.000000E+00,5.374096E-01,6.058755E+03,6.841586E+03,0.000000E+00,0.000000E+00,0.000000E+00,0.000000E+00,0.000000E+00,0.000000E+00,0.000000E+00,0.000000E+00,0.000000E+00,0.000000E+00,0.000000E+00,0.000000E+00,0.000000E+00,0.000000E+00,0.000000E+00,0.000000E+00,0.000000E+00,0.000000E+00,0.000000E+00,0.000000E+00,0.000000E+00,0.000000E+00,0.000000E+00,0.000000E+00,0.000000E+00,0.000000E+00,0.000000E+00,0.000000E+00,0.000000E+00,0.000000E+00,0.000000E+00,0.000000E+00,6.125389E-01,6.907656E+03,6.929686E+03,0.000000E+00,0.000000E+00,5.628399E-01,6.346276E+03,6.769117E+03,0.000000E+00,0.000000E+00,4.873973E-01,5.497856E+03,4.790304E+03,0.000000E+00,0.000000E+00,4.138729E-01,4.667336E+03,4.628396E+03,0.000000E+00,0.000000E+00,0.000000E+00,0.000000E+00,0.000000E+00,0.000000E+00,0.000000E+00,0.000000E+00,0.000000E+00,0.000000E+00,0.000000E+00,0.000000E+00,3.082302E-01,3.477635E+03,2.213699E+03,0.000000E+00,0.000000E+00,2.393483E-01,2.699914E+03,1.972088E+03,0.000000E+00,0.000000E+00,0.000000E+00,0.000000E+00,0.000000E+00,0.000000E+00,0.000000E+00,0.000000E+00,0.000000E+00,0.000000E+00,0.000000E+00,0.000000E+00,6.077346E-02,6.853855E+02,3.401437E+02,0.000000E+00,0.000000E+00,0.000000E+00,0.000000E+00,0.000000E+00,0.000000E+00,0.000000E+00,3.940982E-01,4.445148E+03,3.896651E+03,0.000000E+00,0.000000E+00,3.240573E-01,3.654124E+03,3.842172E+03
15:00:00,0.000000E+00,0.000000E+00,5.082106E-01,5.731703E+03,5.447646E+03,0.000000E+00,0.000000E+00,4.557751E-01,5.139255E+03,5.446364E+03,5.180295E-01,1.510986E+04,0.000000E+00,0.000000E+00,0.000000E+00,0.000000E+00,0.000000E+00,0.000000E+00,0.000000E+00,0.000000E+00,0.000000E+00,0.000000E+00,0.000000E+00,0.000000E+00,0.000000E+00,0.000000E+00,0.000000E+00,5.965296E-01,6.726721E+03,6.916466E+03,0.000000E+00,0.000000E+00,5.521660E-01,6.225155E+03,7.019001E+03,0.000000E+00,0.000000E+00,0.000000E+00,0.000000E+00,0.000000E+00,0.000000E+00,0.000000E+00,0.000000E+00,0.000000E+00,0.000000E+00,0.000000E+00,0.000000E+00,0.000000E+00,0.000000E+00,0.000000E+00,0.000000E+00,0.000000E+00,0.000000E+00,0.000000E+00,0.000000E+00,0.000000E+00,0.000000E+00,0.000000E+00,0.000000E+00,0.000000E+00,0.000000E+00,0.000000E+00,0.000000E+00,0.000000E+00,0.000000E+00,0.000000E+00,0.000000E+00,6.238413E-01,7.035109E+03,7.058207E+03,0.000000E+00,0.000000E+00,5.747887E-01,6.481021E+03,6.910510E+03,0.000000E+00,0.000000E+00,4.994271E-01,5.633516E+03,4.917365E+03,0.000000E+00,0.000000E+00,4.268223E-01,4.813364E+03,4.775206E+03,0.000000E+00,0.000000E+00,0.000000E+00,0.000000E+00,0.000000E+00,0.000000E+00,0.000000E+00,0.000000E+00,0.000000E+00,0.000000E+00,0.000000E+00,0.000000E+00,3.237913E-01,3.653178E+03,2.363418E+03,0.000000E+00,0.000000E+00,2.555532E-01,2.882699E+03,2.130561E+03,0.000000E+00,0.000000E+00,0.000000E+00,0.000000E+00,0.000000E+00,0.000000E+00,0.000000E+00,0.000000E+00,0.000000E+00,0.000000E+00,0.000000E+00,0.000000E+00,8.140199E-02,9.180867E+02,5.034064E+02,0.000000E+00,0.000000E+00,0.000000E+00,0.000000E+00,0.000000E+00,0.000000E+00,0.000000E+00,4.110341E-01,4.636156E+03,4.083550E+03,0.000000E+00,0.000000E+00,3.418316E-01,3.854563E+03,4.052622E+03
16:00:00,0.000000E+00,0.000000E+00,5.072645E-01,5.721034E+03,5.444160E+03,0.000000E+00,0.000000E+00,4.555298E-01,5.136488E+03,5.438772E+03,5.180325E-01,1.510995E+04,0.000000E+00,0.000000E+00,0.000000E+00,0.000000E+00,0.000000E+00,0.000000E+00,0.000000E+00,0.000000E+00,0.000000E+00,0.000000E+00,0.000000E+00,0.000000E+00,0.000000E+00,0.000000E+00,0.000000E+00,5.942843E-01,6.701403E+03,6.889323E+03,0.000000E+00,0.000000E+00,5.505926E-01,6.207414E+03,6.988221E+03,0.000000E+00,0.000000E+00,0.000000E+00,0.000000E+00,0.000000E+00,0.000000E+00,0.000000E+00,0.000000E+00,0.000000E+00,0.000000E+00,0.000000E+00,0.000000E+00,0.000000E+00,0.000000E+00,0.000000E+00,0.000000E+00,0.000000E+00,0.000000E+00,0.000000E+00,0.000000E+00,0.000000E+00,0.000000E+00,0.000000E+00,0.000000E+00,0.000000E+00,0.000000E+00,0.000000E+00,0.000000E+00,0.000000E+00,0.000000E+00,0.000000E+00,0.000000E+00,6.213965E-01,7.007539E+03,7.031404E+03,0.000000E+00,0.000000E+00,5.728842E-01,6.459544E+03,6.884210E+03,0.000000E+00,0.000000E+00,4.970174E-01,5.606340E+03,4.903615E+03,0.000000E+00,0.000000E+00,4.253909E-01,4.797222E+03,4.761029E+03,0.000000E+00,0.000000E+00,0.000000E+00,0.000000E+00,0.000000E+00,0.000000E+00,0.000000E+00,0.000000E+00,0.000000E+00,0.000000E+00,0.000000E+00,0.000000E+00,3.232743E-01,3.647361E+03,2.395931E+03,0.000000E+00,0.000000E+00,2.559186E-01,2.886837E+03,2.158932E+03,0.000000E+00,0.000000E+00,0.000000E+00,0.000000E+00,0.000000E+00,0.000000E+00,0.000000E+00,0.000000E+00,0.000000E+00,0.000000E+00,0.000000E+00,0.000000E+00,7.974445E-02,8.994167E+02,5.343332E+02,0.000000E+00,0.000000E+00,0.000000E+00,0.000000E+00,0.000000E+00,0.000000E+00,0.000000E+00,4.086413E-01,4.609169E+03,4.076725E+03,0.000000E+00,0.000000E+00,3.403460E-01,3.837806E+03,4.033897E+03
17:00:00,0.000000E+00,0.000000E+00,4.908166E-01,5.535517E+03,5.269312E+03,0.000000E+00,0.000000E+00,4.399038E-01,4.960300E+03,5.250562E+03,5.180354E-01,1.511003E+04,0.000000E+00,0.000000E+00,0.000000E+00,0.000000E+00,0.000000E+00,0.000000E+00,0.000000E+00,0.000000E+00,0.000000E+00,0.000000E+00,0.000000E+00,0.000000E+00,0.000000E+00,0.000000E+00,0.000000E+00,5.765260E-01,6.501155E+03,6.683065E+03,0.000000E+00,0.000000E+00,5.334664E-01,6.014358E+03,6.768110E+03,0.000000E+00,0.000000E+00,0.000000E+00,0.000000E+00,0.000000E+00,0.000000E+00,0.000000E+00,0.000000E+00,0.000000E+00,0.000000E+00,0.000000E+00,0.000000E+00,0.000000E+00,0.000000E+00,0.000000E+00,0.000000E+00,0.000000E+00,0.000000E+00,0.000000E+00,0.000000E+00,0.000000E+00,0.000000E+00,0.000000E+00,0.000000E+00,0.000000E+00,0.000000E+00,0.000000E+00,0.000000E+00,0.000000E+00,0.000000E+00,0.000000E+00,0.000000E+00,6.039756E-01,6.811080E+03,6.834264E+03,0.000000E+00,0.000000E+00,5.560219E-01,6.269422E+03,6.680635E+03,0.000000E+00,0.000000E+00,4.798307E-01,5.412450E+03,4.735911E+03,0.000000E+00,0.000000E+00,4.091988E-01,4.614617E+03,4.580190E+03,0.000000E+00,0.000000E+00,0.000000E+00,0.000000E+00,0.000000E+00,0.000000E+00,0.000000E+00,0.000000E+00,0.000000E+00,0.000000E+00,0.000000E+00,0.000000E+00,3.079666E-01,3.474597E+03,2.295247E+03,0.000000E+00,0.000000E+00,2.415670E-01,2.724918E+03,2.049086E+03,0.000000E+00,0.000000E+00,0.000000E+00,0.000000E+00,0.000000E+00,0.000000E+00,0.000000E+00,0.000000E+00,0.000000E+00,0.000000E+00,0.000000E+00,0.000000E+00,5.591561E-02,6.306438E+02,3.862273E+02,0.000000E+00,0.000000E+00,0.000000E+00,0.000000E+00,0.000000E+00,0.000000E+00,0.000000E+00,3.881894E-01,4.378456E+03,3.876397E+03,0.000000E+00,0.000000E+00,3.207128E-01,3.616421E+03,3.799865E+03
18:00:00,0.000000E+00,0.000000E+00,4.543246E-01,5.123931E+03,4.871431E+03,0.000000E+00,0.000000E+00,4.043943E-01,4.559913E+03,4.829905E+03,5.180382E-01,1.511011E+04,0.000000E+00,0.000000E+00,0.000000E+00,0.000000E+00,0.000000E+00,0.000000E+00,0.000000E+00,0.000000E+00,0.000000E+00,0.000000E+00,0.000000E+00,0.000000E+00,0.000000E+00,0.000000E+00,0.000000E+00,5.385589E-01,6.073027E+03,6.244044E+03,0.000000E+00,0.000000E+00,4.961984E-01,5.594237E+03,6.306174E+03,0.000000E+00,0.000000E+00,0.000000E+00,0.000000E+00,0.000000E+00,0.000000E+00,0.000000E+00,0.000000E+00,0.000000E+00,0.000000E+00,0.000000E+00,0.000000E+00,0.000000E+00,0.000000E+00,0.000000E+00,0.000000E+00,0.000000E+00,0.000000E+00,0.000000E+00,0.000000E+00,0.000000E+00,0.000000E+00,0.000000E+00,0.000000E+00,0.000000E+00,0.000000E+00,0.000000E+00,0.000000E+00,0.000000E+00,0.000000E+00,0.000000E+00,0.000000E+00,5.700966E-01,6.429019E+03,6.449280E+03,0.000000E+00,0.000000E+00,5.227917E-01,5.894754E+03,6.286222E+03,0.000000E+00,0.000000E+00,4.480553E-01,5.053978E+03,4.408507E+03,0.000000E+00,0.000000E+00,3.785642E-01,4.269138E+03,4.235228E+03,0.000000E+00,0.000000E+00,0.000000E+00,0.000000E+00,0.000000E+00,0.000000E+00,0.000000E+00,0.000000E+00,0.000000E+00,0.000000E+00,0.000000E+00,0.000000E+00,2.761633E-01,3.115694E+03,2.036928E+03,0.000000E+00,0.000000E+00,2.106149E-01,2.375719E+03,1.775559E+03,0.000000E+00,0.000000E+00,0.000000E+00,0.000000E+00,0.000000E+00,0.000000E+00,0.000000E+00,0.000000E+00,0.000000E+00,0.000000E+00,0.000000E+00,0.000000E+00,2.150105E-03,2.424871E+01,1.447983E+01,0.000000E+00,0.000000E+00,0.000000E+00,0.000000E+00,0.000000E+00,0.000000E+00,0.000000E+00,3.452469E-01,3.894053E+03,3.434560E+03,0.000000E+00,0.000000E+00,2.788555E-01,3.144440E+03,3.305971E+03
19:00:00,0.000000E+00,0.000000E+00,3.989333E-01,4.499193E+03,4.263256E+03,0.000000E+00,0.000000E+00,3.497789E-01,3.944091E+03,4.185766E+03,5.180408E-01,1.511019E+04,0.000000E+00,0.000000E+00,0.000000E+00,0.000000E+00,0.000000E+00,0.000000E+00,0.000000E+00,0.000000E+00,0.000000E+00,0.000000E+00,0.000000E+00,0.000000E+00,0.000000E+00,0.000000E+00,0.000000E+00,4.809885E-01,5.423844E+03,5.579326E+03,0.000000E+00,0.000000E+00,4.395682E-01,4.955829E+03,5.611949E+03,0.000000E+00,0.000000E+00,0.000000E+00,0.000000E+00,0.000000E+00,0.000000E+00,0.000000E+00,0.000000E+00,0.000000E+00,0.000000E+00,0.000000E+00,0.000000E+00,0.000000E+00,0.000000E+00,0.000000E+00,0.000000E+00,0.000000E+00,0.000000E+00,0.000000E+00,0.000000E+00,0.000000E+00,0.000000E+00,0.000000E+00,0.000000E+00,0.000000E+00,7.073452E-03,2.439649E+02,0.000000E+00,0.000000E+00,0.000000E+00,0.000000E+00,0.000000E+00,5.257756E-01,5.929203E+03,5.944629E+03,0.000000E+00,0.000000E+00,4.791343E-01,5.402515E+03,5.772242E+03,0.000000E+00,0.000000E+00,4.114075E-01,4.640545E+03,4.018831E+03,0.000000E+00,0.000000E+00,3.430469E-01,3.868596E+03,3.833476E+03,0.000000E+00,0.000000E+00,0.000000E+00,0.000000E+00,0.000000E+00,0.000000E+00,0.000000E+00,0.000000E+00,0.000000E+00,0.000000E+00,0.000000E+00,0.000000E+00,2.363297E-01,2.666188E+03,1.691330E+03,0.000000E+00,0.000000E+00,1.715304E-01,1.934790E+03,1.416304E+03,0.000000E+00,0.000000E+00,0.000000E+00,0.000000E+00,0.000000E+00,0.000000E+00,0.000000E+00,0.000000E+00,0.000000E+00,0.000000E+00,0.000000E+00,0.000000E+00,0.000000E+00,0.000000E+00,0.000000E+00,0.000000E+00,0.000000E+00,0.000000E+00,0.000000E+00,0.000000E+00,0.000000E+00,0.000000E+00,2.764503E-01,3.118042E+03,2.722987E+03,0.000000E+00,0.000000E+00,2.112567E-01,2.382191E+03,2.510094E+03
20:00:00,0.000000E+00,0.000000E+00,3.542836E-01,3.995602E+03,3.763496E+03,0.000000E+00,0.000000E+00,3.057217E-01,3.447324E+03,3.671661E+03,5.180434E-01,1.511026E+04,0.000000E+00,0.000000E+00,0.000000E+00,0.000000E+00,0.000000E+00,0.000000E+00,0.000000E+00,0.000000E+00,0.000000E+00,0.000000E+00,0.000000E+00,0.000000E+00,0.000000E+00,0.000000E+00,0.000000E+00,4.358166E-01,4.914473E+03,5.059784E+03,0.000000E+00,0.000000E+00,3.949113E-01,4.452407E+03,5.082549E+03,0.000000E+00,0.000000E+00,0.000000E+00,0.000000E+00,0.000000E+00,0.000000E+00,0.000000E+00,0.000000E+00,0.000000E+00,0.000000E+00,0.000000E+00,0.000000E+00,0.000000E+00,0.000000E+00,0.000000E+00,1.024627E-02,3.537315E+02,0.000000E+00,0.000000E+00,0.000000E+00,0.000000E+00,0.000000E+00,0.000000E+00,0.000000E+00,0.000000E+00,1.583223E-02,5.472804E+02,0.000000E+00,0.000000E+00,0.000000E+00,0.000000E+00,0.000000E+00,4.976190E-01,5.611675E+03,5.621578E+03,0.000000E+00,0.000000E+00,4.513680E-01,5.089455E+03,5.453643E+03,0.000000E+00,0.000000E+00,3.884890E-01,4.381992E+03,3.756537E+03,0.000000E+00,0.000000E+00,3.207430E-01,3.617065E+03,3.578335E+03,0.000000E+00,0.000000E+00,0.000000E+00,0.000000E+00,0.000000E+00,0.000000E+00,0.000000E+00,0.000000E+00,0.000000E+00,0.000000E+00,0.000000E+00,0.000000E+00,2.087547E-01,2.355002E+03,1.421577E+03,0.000000E+00,0.000000E+00,1.445701E-01,1.630635E+03,1.152393E+03,0.000000E+00,0.000000E+00,0.000000E+00,0.000000E+00,0.000000E+00,0.000000E+00,0.000000E+00,0.000000E+00,0.000000E+00,0.000000E+00,0.000000E+00,0.000000E+00,0.000000E+00,0.000000E+00,0.000000E+00,0.000000E+00,0.000000E+00,0.000000E+00,0.000000E+00,0.000000E+00,0.000000E+00,0.000000E+00,2.090814E-01,2.358141E+03,2.019684E+03,0.000000E+00,0.000000E+00,1.450225E-01,1.635327E+03,1.730914E+03
21:00:00,0.000000E+00,0.000000E+00,2.922907E-01,3.296435E+03,3.084151E+03,0.000000E+00,0.000000E+00,2.443820E-01,2.755665E+03,2.946950E+03,5.180458E-01,1.511033E+04,0.000000E+00,0.000000E+00,0.000000E+00,0.000000E+00,0.000000E+00,0.000000E+00,0.000000E+00,0.000000E+00,0.000000E+00,0.000000E+00,0.000000E+00,0.000000E+00,0.000000E+00,0.000000E+00,0.000000E+00,3.722958E-01,4.198185E+03,4.326389E+03,0.000000E+00,0.000000E+00,3.322167E-01,3.745582E+03,4.312972E+03,0.000000E+00,0.000000E+00,0.000000E+00,0.000000E+00,0.000000E+00,4.517340E-03,1.559186E+02,0.000000E+00,0.000000E+00,0.000000E+00,4.656371E-03,1.603952E+02,0.000000E+00,0.000000E+00,0.000000E+00,1.953479E-02,6.752759E+02,0.000000E+00,0.000000E+00,0.000000E+00,3.254029E-03,1.121851E+02,0.000000E+00,0.000000E+00,0.000000E+00,2.124034E-02,7.342504E+02,0.000000E+00,0.000000E+00,0.000000E+00,0.000000E+00,0.000000E+00,4.645952E-01,5.239265E+03,5.244644E+03,0.000000E+00,0.000000E+00,4.189743E-01,4.724196E+03,5.075246E+03,0.000000E+00,0.000000E+00,3.601190E-01,4.061992E+03,3.451830E+03,0.000000E+00,0.000000E+00,2.927902E-01,3.301837E+03,3.261724E+03,0.000000E+00,0.000000E+00,0.000000E+00,0.000000E+00,0.000000E+00,0.000000E+00,0.000000E+00,0.000000E+00,0.000000E+00,0.000000E+00,0.000000E+00,0.000000E+00,1.737181E-01,1.959713E+03,1.122544E+03,0.000000E+00,0.000000E+00,1.105507E-01,1.246902E+03,8.483812E+02,0.000000E+00,0.000000E+00,0.000000E+00,0.000000E+00,0.000000E+00,0.000000E+00,0.000000E+00,0.000000E+00,0.000000E+00,0.000000E+00,0.000000E+00,0.000000E+00,0.000000E+00,0.000000E+00,0.000000E+00,0.000000E+00,0.000000E+00,0.000000E+00,0.000000E+00,0.000000E+00,0.000000E+00,0.000000E+00,1.730560E-01,1.951781E+03,1.625577E+03,0.000000E+00,0.000000E+00,1.098869E-01,1.239135E+03,1.320139E+03
22:00:00,0.000000E+00,0.000000E+00,2.440573E-01,2.752437E+03,2.551659E+03,0.000000E+00,0.000000E+00,1.965997E-01,2.216885E+03,2.384083E+03,5.180480E-01,1.511040E+04,0.000000E+00,0.000000E+00,0.000000E+00,0.000000E+00,0.000000E+00,0.000000E+00,0.000000E+00,0.000000E+00,0.000000E+00,0.000000E+00,0.000000E+00,0.000000E+00,0.000000E+00,0.000000E+00,0.000000E+00,3.236732E-01,3.649899E+03,3.766255E+03,0.000000E+00,0.000000E+00,2.837774E-01,3.199497E+03,3.727399E+03,2.758696E-03,9.513652E+01,0.000000E+00,0.000000E+00,0.000000E+00,1.054219E-02,3.644167E+02,0.000000E+00,0.000000E+00,0.000000E+00,1.334507E-02,4.613046E+02,0.000000E+00,0.000000E+00,0.000000E+00,2.618083E-02,9.050491E+02,0.000000E+00,0.000000E+00,0.000000E+00,9.907191E-03,3.424662E+02,0.000000E+00,0.000000E+00,0.000000E+00,2.691552E-02,9.304518E+02,0.000000E+00,0.000000E+00,0.000000E+00,0.000000E+00,0.000000E+00,4.000238E-01,4.511089E+03,4.512402E+03,0.000000E+00,0.000000E+00,3.552740E-01,4.005941E+03,4.314763E+03,0.000000E+00,0.000000E+00,3.104062E-01,3.501235E+03,2.948530E+03,0.000000E+00,0.000000E+00,2.441911E-01,2.753775E+03,2.716251E+03,0.000000E+00,0.000000E+00,0.000000E+00,0.000000E+00,0.000000E+00,0.000000E+00,0.000000E+00,0.000000E+00,0.000000E+00,0.000000E+00,0.000000E+00,0.000000E+00,1.022236E-01,1.153144E+03,6.200547E+02,0.000000E+00,0.000000E+00,4.031801E-02,4.547327E+02,2.956662E+02,0.000000E+00,0.000000E+00,0.000000E+00,0.000000E+00,0.000000E+00,0.000000E+00,0.000000E+00,0.000000E+00,0.000000E+00,0.000000E+00,0.000000E+00,0.000000E+00,0.000000E+00,0.000000E+00,0.000000E+00,0.000000E+00,0.000000E+00,0.000000E+00,0.000000E+00,0.000000E+00,0.000000E+00,0.000000E+00,1.472280E-01,1.660476E+03,1.347601E+03,0.000000E+00,0.000000E+00,8.459779E-02,9.539653E+02,1.022541E+03
23:00:00,0.000000E+00,0.000000E+00,0.000000E+00,0.000000E+00,0.000000E+00,0.000000E+00,0.000000E+00,0.000000E+00,0.000000E+00,0.000000E+00,5.180502E-01,1.511046E+04,0.000000E+00,0.000000E+00,0.000000E+00,0.000000E+00,0.000000E+00,0.000000E+00,0.000000E+00,0.000000E+00,0.000000E+00,0.000000E+00,0.000000E+00,0.000000E+00,0.000000E+00,0.000000E+00,0.000000E+00,0.000000E+00,0.000000E+00,0.000000E+00,0.000000E+00,0.000000E+00,0.000000E+00,0.000000E+00,0.000000E+00,8.435781E-03,2.916021E+02,0.000000E+00,0.000000E+00,0.000000E+00,1.530472E-02,5.290568E+02,0.000000E+00,0.000000E+00,0.000000E+00,1.919431E-02,6.635251E+02,0.000000E+00,0.000000E+00,0.000000E+00,3.196679E-02,1.105092E+03,0.000000E+00,0.000000E+00,0.000000E+00,1.473492E-02,5.093646E+02,0.000000E+00,0.000000E+00,0.000000E+00,3.129262E-02,1.081788E+03,0.000000E+00,0.000000E+00,0.000000E+00,0.000000E+00,0.000000E+00,0.000000E+00,0.000000E+00,0.000000E+00,0.000000E+00,0.000000E+00,0.000000E+00,0.000000E+00,0.000000E+00,0.000000E+00,0.000000E+00,0.000000E+00,0.000000E+00,0.000000E+00,0.000000E+00,0.000000E+00,0.000000E+00,0.000000E+00,0.000000E+00,0.000000E+00,0.000000E+00,0.000000E+00,0.000000E+00,0.000000E+00,8.634886E-03,2.979787E+02,0.000000E+00,0.000000E+00,0.000000E+00,0.000000E+00,0.000000E+00,0.000000E+00,0.000000E+00,0.000000E+00,0.000000E+00,0.000000E+00,0.000000E+00,0.000000E+00,0.000000E+00,0.000000E+00,0.000000E+00,0.000000E+00,0.000000E+00,0.000000E+00,0.000000E+00,0.000000E+00,0.000000E+00,0.000000E+00,0.000000E+00,0.000000E+00,0.000000E+00,0.000000E+00,0.000000E+00,0.000000E+00,0.000000E+00,0.000000E+00,0.000000E+00,0.000000E+00,0.000000E+00,0.000000E+00,0.000000E+00,0.000000E+00,0.000000E+00,0.000000E+00,0.000000E+00,0.000000E+00,0.000000E+00,0.000000E+00,0.000000E+00
24:00:00,0.000000E+00,0.000000E+00,0.000000E+00,0.000000E+00,0.000000E+00,0.000000E+00,0.000000E+00,0.000000E+00,0.000000E+00,0.000000E+00,5.180523E-01,1.511052E+04,0.000000E+00,0.000000E+00,0.000000E+00,0.000000E+00,0.000000E+00,0.000000E+00,0.000000E+00,0.000000E+00,0.000000E+00,0.000000E+00,0.000000E+00,0.000000E+00,0.000000E+00,0.000000E+00,0.000000E+00,0.000000E+00,0.000000E+00,0.000000E+00,0.000000E+00,0.000000E+00,0.000000E+00,0.000000E+00,0.000000E+00,1.309733E-02,4.527486E+02,0.000000E+00,0.000000E+00,0.000000E+00,1.993063E-02,6.889773E+02,0.000000E+00,0.000000E+00,0.000000E+00,2.507206E-02,8.667314E+02,0.000000E+00,0.000000E+00,0.000000E+00,3.709282E-02,1.282328E+03,0.000000E+00,0.000000E+00,0.000000E+00,1.959429E-02,6.773590E+02,0.000000E+00,0.000000E+00,0.000000E+00,3.557695E-02,1.229919E+03,0.000000E+00,0.000000E+00,0.000000E+00,0.000000E+00,0.000000E+00,2.258188E-03,3.042688E+01,3.007887E+01,0.000000E+00,0.000000E+00,0.000000E+00,0.000000E+00,0.000000E+00,0.000000E+00,0.000000E+00,0.000000E+00,0.000000E+00,0.000000E+00,0.000000E+00,0.000000E+00,0.000000E+00,0.000000E+00,0.000000E+00,0.000000E+00,0.000000E+00,0.000000E+00,0.000000E+00,0.000000E+00,1.673097E-02,5.783529E+02,0.000000E+00,0.000000E+00,0.000000E+00,0.000000E+00,0.000000E+00,0.000000E+00,0.000000E+00,0.000000E+00,0.000000E+00,0.000000E+00,0.000000E+00,0.000000E+00,0.000000E+00,0.000000E+00,0.000000E+00,0.000000E+00,0.000000E+00,0.000000E+00,0.000000E+00,0.000000E+00,0.000000E+00,0.000000E+00,0.000000E+00,0.000000E+00,0.000000E+00,0.000000E+00,0.000000E+00,0.000000E+00,0.000000E+00,0.000000E+00,0.000000E+00,0.000000E+00,0.000000E+00,0.000000E+00,0.000000E+00,0.000000E+00,0.000000E+00,0.000000E+00,0.000000E+00,0.000000E+00,0.000000E+00,0.000000E+00,0.000000E+00
Coinc Peak   ,5.180523E-01,6.238413E-01,1.511052E+04,7.035109E+03
NonCoinc Peak,5.180523E-01,6.238413E-01,1.511052E+04,7.035109E+03
