Time,ZONE WAREHOUSE BULK  - STORY GROUND:KODIAK ANN HTG 99.6% CONDNS DB:Des Heat Load [W],ZONE WAREHOUSE BULK  - STORY GROUND:KODIAK JULY .4% CONDNS DB=>MCWB:Des Sens Cool Load [W],ZONE WAREHOUSE BULK  - STORY GROUND:KODIAK ANN HTG 99.6% CONDNS DB:Des Heat Mass Flow [kg/s],ZONE WAREHOUSE BULK  - STORY GROUND:KODIAK JULY .4% CONDNS DB=>MCWB:Des Cool Mass Flow [kg/s],ZONE WAREHOUSE BULK  - STORY GROUND::Des Latent Heat Load [W],ZONE WAREHOUSE BULK  - STORY GROUND::Des Latent Cool Load [W],ZONE WAREHOUSE BULK  - STORY GROUND::Des Latent Heat Mass Flow [kg/s],ZONE WAREHOUSE BULK  - STORY GROUND::Des Latent Cool Mass Flow [kg/s],ZONE WAREHOUSE BULK  - STORY GROUND::Des Heat Load No DOAS [W],ZONE WAREHOUSE BULK  - STORY GROUND::Des Sens Cool Load No DOAS [W],ZONE WAREHOUSE BULK  - STORY GROUND::Des Latent Heat Load No DOAS [W],ZONE WAREHOUSE BULK  - STORY GROUND::Des Latent Cool Load No DOAS [W],ZONE WAREHOUSE BULK  - STORY GROUND:KODIAK ANN HTG 99.6% CONDNS DB:Heating Zone Temperature [C],ZONE WAREHOUSE BULK  - STORY GROUND:KODIAK ANN HTG 99.6% CONDNS DB:Heating Zone Relative Humidity [%],ZONE WAREHOUSE BULK  - STORY GROUND:KODIAK JULY .4% CONDNS DB=>MCWB:Cooling Zone Temperature [C],ZONE WAREHOUSE BULK  - STORY GROUND:KODIAK JULY .4% CONDNS DB=>MCWB:Cooling Zone Relative Humidity [%],ZONE WAREHOUSE FINE  - STORY GROUND:KODIAK ANN HTG 99.6% CONDNS DB:Des Heat Load [W],ZONE WAREHOUSE FINE  - STORY GROUND:KODIAK JULY .4% CONDNS DB=>MCWB:Des Sens Cool Load [W],ZONE WAREHOUSE FINE  - STORY GROUND:KODIAK ANN HTG 99.6% CONDNS DB:Des Heat Mass Flow [kg/s],ZONE WAREHOUSE FINE  - STORY GROUND:KODIAK JULY .4% CONDNS DB=>MCWB:Des Cool Mass Flow [kg/s],ZONE WAREHOUSE FINE  - STORY GROUND::Des Latent Heat Load [W],ZONE WAREHOUSE FINE  - STORY GROUND::Des Latent Cool Load [W],ZONE WAREHOUSE FINE  - STORY GROUND::Des Latent Heat Mass Flow [kg/s],ZONE WAREHOUSE FINE  - STORY GROUND::Des Latent Cool Mass Flow [kg/s],ZONE WAREHOUSE FINE  - STORY GROUND::Des Heat Load No DOAS [W],ZONE WAREHOUSE FINE  - STORY GROUND::Des Sens Cool Load No DOAS [W],ZONE WAREHOUSE FINE  - STORY GROUND::Des Latent Heat Load No DOAS [W],ZONE WAREHOUSE FINE  - STORY GROUND::Des Latent Cool Load No DOAS [W],ZONE WAREHOUSE FINE  - STORY GROUND:KODIAK ANN HTG 99.6% CONDNS DB:Heating Zone Temperature [C],ZONE WAREHOUSE FINE  - STORY GROUND:KODIAK ANN HTG 99.6% CONDNS DB:Heating Zone Relative Humidity [%],ZONE WAREHOUSE FINE  - STORY GROUND:KODIAK JULY .4% CONDNS DB=>MCWB:Cooling Zone Temperature [C],ZONE WAREHOUSE FINE  - STORY GROUND:KODIAK JULY .4% CONDNS DB=>MCWB:Cooling Zone Relative Humidity [%],ZONE WAREHOUSE OFFICE  - STORY GROUND:KODIAK ANN HTG 99.6% CONDNS DB:Des Heat Load [W],ZONE WAREHOUSE OFFICE  - STORY GROUND:KODIAK AUGUST .4% CONDNS DB=>MCWB:Des Sens Cool Load [W],ZONE WAREHOUSE OFFICE  - STORY GROUND:KODIAK ANN HTG 99.6% CONDNS DB:Des Heat Mass Flow [kg/s],ZONE WAREHOUSE OFFICE  - STORY GROUND:KODIAK AUGUST .4% CONDNS DB=>MCWB:Des Cool Mass Flow [kg/s],ZONE WAREHOUSE OFFICE  - STORY GROUND::Des Latent Heat Load [W],ZONE WAREHOUSE OFFICE  - STORY GROUND::Des Latent Cool Load [W],ZONE WAREHOUSE OFFICE  - STORY GROUND::Des Latent Heat Mass Flow [kg/s],ZONE WAREHOUSE OFFICE  - STORY GROUND::Des Latent Cool Mass Flow [kg/s],ZONE WAREHOUSE OFFICE  - STORY GROUND::Des Heat Load No DOAS [W],ZONE WAREHOUSE OFFICE  - STORY GROUND::Des Sens Cool Load No DOAS [W],ZONE WAREHOUSE OFFICE  - STORY GROUND::Des Latent Heat Load No DOAS [W],ZONE WAREHOUSE OFFICE  - STORY GROUND::Des Latent Cool Load No DOAS [W],ZONE WAREHOUSE OFFICE  - STORY GROUND:KODIAK ANN HTG 99.6% CONDNS DB:Heating Zone Temperature [C],ZONE WAREHOUSE OFFICE  - STORY GROUND:KODIAK ANN HTG 99.6% CONDNS DB:Heating Zone Relative Humidity [%],ZONE WAREHOUSE OFFICE  - STORY GROUND:KODIAK AUGUST .4% CONDNS DB=>MCWB:Cooling Zone Temperature [C],ZONE WAREHOUSE OFFICE  - STORY GROUND:KODIAK AUGUST .4% CONDNS DB=>MCWB:Cooling Zone Relative Humidity [%]
00:10:00,2.564333E+03,0.000000E+00,8.382542E-02,0.000000E+00,0.000000E+00,0.000000E+00,0.000000E+00,0.000000E+00,0.000000E+00,0.000000E+00,0.000000E+00,0.000000E+00,1.000000E+01,1.646225E+01,2.474833E+01,4.246496E+01,2.228552E+03,0.000000E+00,6.344039E-02,0.000000E+00,0.000000E+00,0.000000E+00,0.000000E+00,0.000000E+00,0.000000E+00,0.000000E+00,0.000000E+00,0.000000E+00,1.555076E+01,5.350770E+01,2.483303E+01,4.224810E+01,6.808149E+02,0.000000E+00,1.940662E-02,0.000000E+00,0.000000E+00,0.000000E+00,0.000000E+00,0.000000E+00,0.000000E+00,0.000000E+00,0.000000E+00,0.000000E+00,1.559657E+01,6.595646E+01,2.547168E+01,4.254340E+01
00:20:00,2.564496E+03,0.000000E+00,8.383077E-02,0.000000E+00,0.000000E+00,0.000000E+00,0.000000E+00,0.000000E+00,0.000000E+00,0.000000E+00,0.000000E+00,0.000000E+00,1.000000E+01,1.646225E+01,2.472353E+01,4.252738E+01,2.229252E+03,0.000000E+00,6.346031E-02,0.000000E+00,0.000000E+00,0.000000E+00,0.000000E+00,0.000000E+00,0.000000E+00,0.000000E+00,0.000000E+00,0.000000E+00,1.555076E+01,5.351251E+01,2.480773E+01,4.231138E+01,6.819180E+02,0.000000E+00,1.943806E-02,0.000000E+00,0.000000E+00,0.000000E+00,0.000000E+00,0.000000E+00,0.000000E+00,0.000000E+00,0.000000E+00,0.000000E+00,1.559657E+01,6.596629E+01,2.544915E+01,4.260741E+01
00:30:00,2.564648E+03,0.000000E+00,8.383573E-02,0.000000E+00,0.000000E+00,0.000000E+00,0.000000E+00,0.000000E+00,0.000000E+00,0.000000E+00,0.000000E+00,0.000000E+00,1.000000E+01,1.646225E+01,2.469911E+01,4.258892E+01,2.229929E+03,0.000000E+00,6.347958E-02,0.000000E+00,0.000000E+00,0.000000E+00,0.000000E+00,0.000000E+00,0.000000E+00,0.000000E+00,0.000000E+00,0.000000E+00,1.555076E+01,5.351715E+01,2.478303E+01,4.237329E+01,6.829842E+02,0.000000E+00,1.946846E-02,0.000000E+00,0.000000E+00,0.000000E+00,0.000000E+00,0.000000E+00,0.000000E+00,0.000000E+00,0.000000E+00,0.000000E+00,1.559657E+01,6.597576E+01,2.542704E+01,4.267013E+01
00:40:00,2.564784E+03,0.000000E+00,8.384016E-02,0.000000E+00,0.000000E+00,0.000000E+00,0.000000E+00,0.000000E+00,0.000000E+00,0.000000E+00,0.000000E+00,0.000000E+00,1.000000E+01,1.646225E+01,2.467497E+01,4.264983E+01,2.230578E+03,0.000000E+00,6.349805E-02,0.000000E+00,0.000000E+00,0.000000E+00,0.000000E+00,0.000000E+00,0.000000E+00,0.000000E+00,0.000000E+00,0.000000E+00,1.555076E+01,5.352163E+01,2.475872E+01,4.243434E+01,6.840098E+02,0.000000E+00,1.949769E-02,0.000000E+00,0.000000E+00,0.000000E+00,0.000000E+00,0.000000E+00,0.000000E+00,0.000000E+00,0.000000E+00,0.000000E+00,1.559657E+01,6.598489E+01,2.540517E+01,4.273205E+01
00:50:00,2.564907E+03,0.000000E+00,8.384418E-02,0.000000E+00,0.000000E+00,0.000000E+00,0.000000E+00,0.000000E+00,0.000000E+00,0.000000E+00,0.000000E+00,0.000000E+00,1.000000E+01,1.646225E+01,2.465100E+01,4.271044E+01,2.231203E+03,0.000000E+00,6.351583E-02,0.000000E+00,0.000000E+00,0.000000E+00,0.000000E+00,0.000000E+00,0.000000E+00,0.000000E+00,0.000000E+00,0.000000E+00,1.555076E+01,5.352592E+01,2.473462E+01,4.249493E+01,6.849991E+02,0.000000E+00,1.952589E-02,0.000000E+00,0.000000E+00,0.000000E+00,0.000000E+00,0.000000E+00,0.000000E+00,0.000000E+00,0.000000E+00,0.000000E+00,1.559658E+01,6.599365E+01,2.538344E+01,4.279341E+01
01:00:00,2.565019E+03,0.000000E+00,8.384787E-02,0.000000E+00,0.000000E+00,0.000000E+00,0.000000E+00,0.000000E+00,0.000000E+00,0.000000E+00,0.000000E+00,0.000000E+00,1.000000E+01,1.646225E+01,2.462708E+01,4.277103E+01,2.231807E+03,0.000000E+00,6.353303E-02,0.000000E+00,0.000000E+00,0.000000E+00,0.000000E+00,0.000000E+00,0.000000E+00,0.000000E+00,0.000000E+00,0.000000E+00,1.555076E+01,5.353004E+01,2.471067E+01,4.255527E+01,6.859565E+02,0.000000E+00,1.955319E-02,0.000000E+00,0.000000E+00,0.000000E+00,0.000000E+00,0.000000E+00,0.000000E+00,0.000000E+00,0.000000E+00,0.000000E+00,1.559658E+01,6.600204E+01,2.536185E+01,4.285423E+01
01:10:00,2.565511E+03,0.000000E+00,8.386395E-02,0.000000E+00,0.000000E+00,0.000000E+00,0.000000E+00,0.000000E+00,0.000000E+00,0.000000E+00,0.000000E+00,0.000000E+00,1.000000E+01,1.646225E+01,2.460315E+01,4.283176E+01,2.232457E+03,0.000000E+00,6.355155E-02,0.000000E+00,0.000000E+00,0.000000E+00,0.000000E+00,0.000000E+00,0.000000E+00,0.000000E+00,0.000000E+00,0.000000E+00,1.555076E+01,5.353402E+01,2.468683E+01,4.261541E+01,6.869262E+02,0.000000E+00,1.958083E-02,0.000000E+00,0.000000E+00,0.000000E+00,0.000000E+00,0.000000E+00,0.000000E+00,0.000000E+00,0.000000E+00,0.000000E+00,1.559658E+01,6.601015E+01,2.534038E+01,4.291457E+01
01:20:00,2.565993E+03,0.000000E+00,8.387969E-02,0.000000E+00,0.000000E+00,0.000000E+00,0.000000E+00,0.000000E+00,0.000000E+00,0.000000E+00,0.000000E+00,0.000000E+00,1.000000E+01,1.646225E+01,2.457972E+01,4.289129E+01,2.233090E+03,0.000000E+00,6.356958E-02,0.000000E+00,0.000000E+00,0.000000E+00,0.000000E+00,0.000000E+00,0.000000E+00,0.000000E+00,0.000000E+00,0.000000E+00,1.555076E+01,5.353789E+01,2.466377E+01,4.267369E+01,6.878687E+02,0.000000E+00,1.960769E-02,0.000000E+00,0.000000E+00,0.000000E+00,0.000000E+00,0.000000E+00,0.000000E+00,0.000000E+00,0.000000E+00,0.000000E+00,1.559658E+01,6.601802E+01,2.531958E+01,4.297306E+01
01:30:00,2.566465E+03,0.000000E+00,8.389513E-02,0.000000E+00,0.000000E+00,0.000000E+00,0.000000E+00,0.000000E+00,0.000000E+00,0.000000E+00,0.000000E+00,0.000000E+00,1.000000E+01,1.646225E+01,2.455695E+01,4.294923E+01,2.233708E+03,0.000000E+00,6.358714E-02,0.000000E+00,0.000000E+00,0.000000E+00,0.000000E+00,0.000000E+00,0.000000E+00,0.000000E+00,0.000000E+00,0.000000E+00,1.555076E+01,5.354167E+01,2.464152E+01,4.273001E+01,6.887857E+02,0.000000E+00,1.963384E-02,0.000000E+00,0.000000E+00,0.000000E+00,0.000000E+00,0.000000E+00,0.000000E+00,0.000000E+00,0.000000E+00,0.000000E+00,1.559658E+01,6.602570E+01,2.529928E+01,4.303009E+01
01:40:00,2.566935E+03,0.000000E+00,8.391049E-02,0.000000E+00,0.000000E+00,0.000000E+00,0.000000E+00,0.000000E+00,0.000000E+00,0.000000E+00,0.000000E+00,0.000000E+00,1.000000E+01,1.646225E+01,2.453468E+01,4.300602E+01,2.234317E+03,0.000000E+00,6.360449E-02,0.000000E+00,0.000000E+00,0.000000E+00,0.000000E+00,0.000000E+00,0.000000E+00,0.000000E+00,0.000000E+00,0.000000E+00,1.555076E+01,5.354537E+01,2.461974E+01,4.278523E+01,6.896860E+02,0.000000E+00,1.965950E-02,0.000000E+00,0.000000E+00,0.000000E+00,0.000000E+00,0.000000E+00,0.000000E+00,0.000000E+00,0.000000E+00,0.000000E+00,1.559658E+01,6.603319E+01,2.527917E+01,4.308650E+01
01:50:00,2.567401E+03,0.000000E+00,8.392573E-02,0.000000E+00,0.000000E+00,0.000000E+00,0.000000E+00,0.000000E+00,0.000000E+00,0.000000E+00,0.000000E+00,0.000000E+00,1.000000E+01,1.646225E+01,2.451265E+01,4.306227E+01,2.234917E+03,0.000000E+00,6.362158E-02,0.000000E+00,0.000000E+00,0.000000E+00,0.000000E+00,0.000000E+00,0.000000E+00,0.000000E+00,0.000000E+00,0.000000E+00,1.555076E+01,5.354899E+01,2.459814E+01,4.284007E+01,6.905692E+02,0.000000E+00,1.968467E-02,0.000000E+00,0.000000E+00,0.000000E+00,0.000000E+00,0.000000E+00,0.000000E+00,0.000000E+00,0.000000E+00,0.000000E+00,1.559658E+01,6.604051E+01,2.525912E+01,4.314259E+01
02:00:00,2.567863E+03,0.000000E+00,8.394083E-02,0.000000E+00,0.000000E+00,0.000000E+00,0.000000E+00,0.000000E+00,0.000000E+00,0.000000E+00,0.000000E+00,0.000000E+00,1.000000E+01,1.646225E+01,2.449070E+01,4.311839E+01,2.235508E+03,0.000000E+00,6.363838E-02,0.000000E+00,0.000000E+00,0.000000E+00,0.000000E+00,0.000000E+00,0.000000E+00,0.000000E+00,0.000000E+00,0.000000E+00,1.555076E+01,5.355255E+01,2.457662E+01,4.289482E+01,6.914344E+02,0.000000E+00,1.970934E-02,0.000000E+00,0.000000E+00,0.000000E+00,0.000000E+00,0.000000E+00,0.000000E+00,0.000000E+00,0.000000E+00,0.000000E+00,1.559658E+01,6.604765E+01,2.523918E+01,4.319828E+01
02:10:00,2.568320E+03,0.000000E+00,8.395578E-02,0.000000E+00,0.000000E+00,0.000000E+00,0.000000E+00,0.000000E+00,0.000000E+00,0.000000E+00,0.000000E+00,0.000000E+00,1.000000E+01,1.646225E+01,2.446875E+01,4.317461E+01,2.236088E+03,0.000000E+00,6.365491E-02,0.000000E+00,0.000000E+00,0.000000E+00,0.000000E+00,0.000000E+00,0.000000E+00,0.000000E+00,0.000000E+00,0.000000E+00,1.555076E+01,5.355604E+01,2.455516E+01,4.294949E+01,6.922819E+02,0.000000E+00,1.973350E-02,0.000000E+00,0.000000E+00,0.000000E+00,0.000000E+00,0.000000E+00,0.000000E+00,0.000000E+00,0.000000E+00,0.000000E+00,1.559658E+01,6.605463E+01,2.521937E+01,4.325354E+01
02:20:00,2.568773E+03,0.000000E+00,8.397058E-02,0.000000E+00,0.000000E+00,0.000000E+00,0.000000E+00,0.000000E+00,0.000000E+00,0.000000E+00,0.000000E+00,0.000000E+00,1.000000E+01,1.646225E+01,2.444706E+01,4.323026E+01,2.236659E+03,0.000000E+00,6.367115E-02,0.000000E+00,0.000000E+00,0.000000E+00,0.000000E+00,0.000000E+00,0.000000E+00,0.000000E+00,0.000000E+00,0.000000E+00,1.555076E+01,5.355946E+01,2.453411E+01,4.300321E+01,6.931121E+02,0.000000E+00,1.975716E-02,0.000000E+00,0.000000E+00,0.000000E+00,0.000000E+00,0.000000E+00,0.000000E+00,0.000000E+00,0.000000E+00,0.000000E+00,1.559658E+01,6.606144E+01,2.519994E+01,4.330768E+01
02:30:00,2.569221E+03,0.000000E+00,8.398522E-02,0.000000E+00,0.000000E+00,0.000000E+00,0.000000E+00,0.000000E+00,0.000000E+00,0.000000E+00,0.000000E+00,0.000000E+00,1.000000E+01,1.646225E+01,2.442571E+01,4.328515E+01,2.237220E+03,0.000000E+00,6.368712E-02,0.000000E+00,0.000000E+00,0.000000E+00,0.000000E+00,0.000000E+00,0.000000E+00,0.000000E+00,0.000000E+00,0.000000E+00,1.555076E+01,5.356282E+01,2.451348E+01,4.305593E+01,6.939253E+02,0.000000E+00,1.978034E-02,0.000000E+00,0.000000E+00,0.000000E+00,0.000000E+00,0.000000E+00,0.000000E+00,0.000000E+00,0.000000E+00,0.000000E+00,1.559659E+01,6.606810E+01,2.518081E+01,4.336093E+01
02:40:00,2.569665E+03,0.000000E+00,8.399972E-02,0.000000E+00,0.000000E+00,0.000000E+00,0.000000E+00,0.000000E+00,0.000000E+00,0.000000E+00,0.000000E+00,0.000000E+00,1.000000E+01,1.646225E+01,2.440459E+01,4.333949E+01,2.237771E+03,0.000000E+00,6.370281E-02,0.000000E+00,0.000000E+00,0.000000E+00,0.000000E+00,0.000000E+00,0.000000E+00,0.000000E+00,0.000000E+00,0.000000E+00,1.555076E+01,5.356613E+01,2.449311E+01,4.310808E+01,6.947219E+02,0.000000E+00,1.980305E-02,0.000000E+00,0.000000E+00,0.000000E+00,0.000000E+00,0.000000E+00,0.000000E+00,0.000000E+00,0.000000E+00,0.000000E+00,1.559659E+01,6.607461E+01,2.516181E+01,4.341375E+01
02:50:00,2.570104E+03,0.000000E+00,8.401407E-02,0.000000E+00,0.000000E+00,0.000000E+00,0.000000E+00,0.000000E+00,0.000000E+00,0.000000E+00,0.000000E+00,0.000000E+00,1.000000E+01,1.646225E+01,2.438360E+01,4.339361E+01,2.238313E+03,0.000000E+00,6.371823E-02,0.000000E+00,0.000000E+00,0.000000E+00,0.000000E+00,0.000000E+00,0.000000E+00,0.000000E+00,0.000000E+00,0.000000E+00,1.555076E+01,5.356937E+01,2.447283E+01,4.316007E+01,6.955024E+02,0.000000E+00,1.982530E-02,0.000000E+00,0.000000E+00,0.000000E+00,0.000000E+00,0.000000E+00,0.000000E+00,0.000000E+00,0.000000E+00,0.000000E+00,1.559659E+01,6.608098E+01,2.514288E+01,4.346628E+01
03:00:00,2.570538E+03,0.000000E+00,8.402828E-02,0.000000E+00,0.000000E+00,0.000000E+00,0.000000E+00,0.000000E+00,0.000000E+00,0.000000E+00,0.000000E+00,0.000000E+00,1.000000E+01,1.646225E+01,2.436265E+01,4.344770E+01,2.238845E+03,0.000000E+00,6.373339E-02,0.000000E+00,0.000000E+00,0.000000E+00,0.000000E+00,0.000000E+00,0.000000E+00,0.000000E+00,0.000000E+00,0.000000E+00,1.555076E+01,5.357256E+01,2.445260E+01,4.321202E+01,6.962670E+02,0.000000E+00,1.984709E-02,0.000000E+00,0.000000E+00,0.000000E+00,0.000000E+00,0.000000E+00,0.000000E+00,0.000000E+00,0.000000E+00,0.000000E+00,1.559659E+01,6.608720E+01,2.512404E+01,4.351851E+01
03:10:00,2.570968E+03,0.000000E+00,8.404233E-02,0.000000E+00,0.000000E+00,0.000000E+00,0.000000E+00,0.000000E+00,0.000000E+00,0.000000E+00,0.000000E+00,0.000000E+00,1.000000E+01,1.646225E+01,2.434170E+01,4.350189E+01,2.239369E+03,0.000000E+00,6.374829E-02,0.000000E+00,0.000000E+00,0.000000E+00,0.000000E+00,0.000000E+00,0.000000E+00,0.000000E+00,0.000000E+00,0.000000E+00,1.555076E+01,5.357568E+01,2.443240E+01,4.326397E+01,6.970161E+02,0.000000E+00,1.986845E-02,0.000000E+00,0.000000E+00,0.000000E+00,0.000000E+00,0.000000E+00,0.000000E+00,0.000000E+00,0.000000E+00,0.000000E+00,1.559659E+01,6.609328E+01,2.510528E+01,4.357042E+01
03:20:00,2.571394E+03,0.000000E+00,8.405625E-02,0.000000E+00,0.000000E+00,0.000000E+00,0.000000E+00,0.000000E+00,0.000000E+00,0.000000E+00,0.000000E+00,0.000000E+00,1.000000E+01,1.646225E+01,2.432073E+01,4.355622E+01,2.239883E+03,0.000000E+00,6.376294E-02,0.000000E+00,0.000000E+00,0.000000E+00,0.000000E+00,0.000000E+00,0.000000E+00,0.000000E+00,0.000000E+00,0.000000E+00,1.555076E+01,5.357876E+01,2.441224E+01,4.331591E+01,6.977501E+02,0.000000E+00,1.988937E-02,0.000000E+00,0.000000E+00,0.000000E+00,0.000000E+00,0.000000E+00,0.000000E+00,0.000000E+00,0.000000E+00,0.000000E+00,1.559659E+01,6.609923E+01,2.508660E+01,4.362205E+01
03:30:00,2.571815E+03,0.000000E+00,8.407002E-02,0.000000E+00,0.000000E+00,0.000000E+00,0.000000E+00,0.000000E+00,0.000000E+00,0.000000E+00,0.000000E+00,0.000000E+00,1.000000E+01,1.646225E+01,2.429973E+01,4.361071E+01,2.240389E+03,0.000000E+00,6.377734E-02,0.000000E+00,0.000000E+00,0.000000E+00,0.000000E+00,0.000000E+00,0.000000E+00,0.000000E+00,0.000000E+00,0.000000E+00,1.555076E+01,5.358178E+01,2.439211E+01,4.336785E+01,6.984694E+02,0.000000E+00,1.990987E-02,0.000000E+00,0.000000E+00,0.000000E+00,0.000000E+00,0.000000E+00,0.000000E+00,0.000000E+00,0.000000E+00,0.000000E+00,1.559659E+01,6.610504E+01,2.506798E+01,4.367344E+01
03:40:00,2.572232E+03,0.000000E+00,8.408364E-02,0.000000E+00,0.000000E+00,0.000000E+00,0.000000E+00,0.000000E+00,0.000000E+00,0.000000E+00,0.000000E+00,0.000000E+00,1.000000E+01,1.646225E+01,2.427870E+01,4.366537E+01,2.240886E+03,0.000000E+00,6.379149E-02,0.000000E+00,0.000000E+00,0.000000E+00,0.000000E+00,0.000000E+00,0.000000E+00,0.000000E+00,0.000000E+00,0.000000E+00,1.555076E+01,5.358475E+01,2.437200E+01,4.341981E+01,6.991743E+02,0.000000E+00,1.992997E-02,0.000000E+00,0.000000E+00,0.000000E+00,0.000000E+00,0.000000E+00,0.000000E+00,0.000000E+00,0.000000E+00,0.000000E+00,1.559659E+01,6.611073E+01,2.504942E+01,4.372462E+01
03:50:00,2.572645E+03,0.000000E+00,8.409713E-02,0.000000E+00,0.000000E+00,0.000000E+00,0.000000E+00,0.000000E+00,0.000000E+00,0.000000E+00,0.000000E+00,0.000000E+00,1.000000E+01,1.646225E+01,2.425763E+01,4.372020E+01,2.241375E+03,0.000000E+00,6.380541E-02,0.000000E+00,0.000000E+00,0.000000E+00,0.000000E+00,0.000000E+00,0.000000E+00,0.000000E+00,0.000000E+00,0.000000E+00,1.555076E+01,5.358766E+01,2.435190E+01,4.347182E+01,6.998651E+02,0.000000E+00,1.994966E-02,0.000000E+00,0.000000E+00,0.000000E+00,0.000000E+00,0.000000E+00,0.000000E+00,0.000000E+00,0.000000E+00,0.000000E+00,1.559659E+01,6.611630E+01,2.503091E+01,4.377561E+01
04:00:00,2.573053E+03,0.000000E+00,8.411049E-02,0.000000E+00,0.000000E+00,0.000000E+00,0.000000E+00,0.000000E+00,0.000000E+00,0.000000E+00,0.000000E+00,0.000000E+00,1.000000E+01,1.646225E+01,2.423652E+01,4.377524E+01,2.241856E+03,0.000000E+00,6.381909E-02,0.000000E+00,0.000000E+00,0.000000E+00,0.000000E+00,0.000000E+00,0.000000E+00,0.000000E+00,0.000000E+00,0.000000E+00,1.555076E+01,5.359053E+01,2.433180E+01,4.352390E+01,7.005422E+02,0.000000E+00,1.996896E-02,0.000000E+00,0.000000E+00,0.000000E+00,0.000000E+00,0.000000E+00,0.000000E+00,0.000000E+00,0.000000E+00,0.000000E+00,1.559659E+01,6.612174E+01,2.501243E+01,4.382643E+01
04:10:00,2.573457E+03,0.000000E+00,8.412370E-02,0.000000E+00,0.000000E+00,0.000000E+00,0.000000E+00,0.000000E+00,0.000000E+00,0.000000E+00,0.000000E+00,0.000000E+00,1.000000E+01,1.646225E+01,2.421537E+01,4.383047E+01,2.242328E+03,0.000000E+00,6.383254E-02,0.000000E+00,0.000000E+00,0.000000E+00,0.000000E+00,0.000000E+00,0.000000E+00,0.000000E+00,0.000000E+00,0.000000E+00,1.555076E+01,5.359335E+01,2.431171E+01,4.357606E+01,7.012058E+02,0.000000E+00,1.998788E-02,0.000000E+00,0.000000E+00,0.000000E+00,0.000000E+00,0.000000E+00,0.000000E+00,0.000000E+00,0.000000E+00,0.000000E+00,1.559659E+01,6.612706E+01,2.499399E+01,4.387712E+01
04:20:00,2.573858E+03,0.000000E+00,8.413678E-02,0.000000E+00,0.000000E+00,0.000000E+00,0.000000E+00,0.000000E+00,0.000000E+00,0.000000E+00,0.000000E+00,0.000000E+00,1.000000E+01,1.646225E+01,2.419446E+01,4.388514E+01,2.242793E+03,0.000000E+00,6.384577E-02,0.000000E+00,0.000000E+00,0.000000E+00,0.000000E+00,0.000000E+00,0.000000E+00,0.000000E+00,0.000000E+00,0.000000E+00,1.555076E+01,5.359612E+01,2.429195E+01,4.362741E+01,7.018564E+02,0.000000E+00,2.000642E-02,0.000000E+00,0.000000E+00,0.000000E+00,0.000000E+00,0.000000E+00,0.000000E+00,0.000000E+00,0.000000E+00,0.000000E+00,1.559659E+01,6.613227E+01,2.497597E+01,4.392667E+01
04:30:00,2.574254E+03,0.000000E+00,8.414973E-02,0.000000E+00,0.000000E+00,0.000000E+00,0.000000E+00,0.000000E+00,0.000000E+00,0.000000E+00,0.000000E+00,0.000000E+00,1.000000E+01,1.646225E+01,2.417389E+01,4.393902E+01,2.243250E+03,0.000000E+00,6.385878E-02,0.000000E+00,0.000000E+00,0.000000E+00,0.000000E+00,0.000000E+00,0.000000E+00,0.000000E+00,0.000000E+00,0.000000E+00,1.555076E+01,5.359884E+01,2.427255E+01,4.367792E+01,7.024942E+02,0.000000E+00,2.002460E-02,0.000000E+00,0.000000E+00,0.000000E+00,0.000000E+00,0.000000E+00,0.000000E+00,0.000000E+00,0.000000E+00,0.000000E+00,1.559659E+01,6.613737E+01,2.495816E+01,4.397559E+01
04:40:00,2.574646E+03,0.000000E+00,8.416255E-02,0.000000E+00,0.000000E+00,0.000000E+00,0.000000E+00,0.000000E+00,0.000000E+00,0.000000E+00,0.000000E+00,0.000000E+00,1.000000E+01,1.646225E+01,2.415358E+01,4.399229E+01,2.243699E+03,0.000000E+00,6.387157E-02,0.000000E+00,0.000000E+00,0.000000E+00,0.000000E+00,0.000000E+00,0.000000E+00,0.000000E+00,0.000000E+00,0.000000E+00,1.555076E+01,5.360152E+01,2.425334E+01,4.372797E+01,7.031195E+02,0.000000E+00,2.004243E-02,0.000000E+00,0.000000E+00,0.000000E+00,0.000000E+00,0.000000E+00,0.000000E+00,0.000000E+00,0.000000E+00,0.000000E+00,1.559659E+01,6.614236E+01,2.494038E+01,4.402441E+01
04:50:00,2.575034E+03,0.000000E+00,8.417524E-02,0.000000E+00,0.000000E+00,0.000000E+00,0.000000E+00,0.000000E+00,0.000000E+00,0.000000E+00,0.000000E+00,0.000000E+00,1.000000E+01,1.646225E+01,2.413342E+01,4.404524E+01,2.244141E+03,0.000000E+00,6.388416E-02,0.000000E+00,0.000000E+00,0.000000E+00,0.000000E+00,0.000000E+00,0.000000E+00,0.000000E+00,0.000000E+00,0.000000E+00,1.555076E+01,5.360415E+01,2.423421E+01,4.377794E+01,7.037326E+02,0.000000E+00,2.005991E-02,0.000000E+00,0.000000E+00,0.000000E+00,0.000000E+00,0.000000E+00,0.000000E+00,0.000000E+00,0.000000E+00,0.000000E+00,1.559660E+01,6.614725E+01,2.492263E+01,4.407313E+01
05:00:00,2.575418E+03,0.000000E+00,8.418780E-02,0.000000E+00,0.000000E+00,0.000000E+00,0.000000E+00,0.000000E+00,0.000000E+00,0.000000E+00,0.000000E+00,0.000000E+00,1.000000E+01,1.646225E+01,2.411648E+01,4.408975E+01,2.244576E+03,0.000000E+00,6.389653E-02,0.000000E+00,0.000000E+00,0.000000E+00,0.000000E+00,0.000000E+00,0.000000E+00,0.000000E+00,0.000000E+00,0.000000E+00,1.555076E+01,5.360674E+01,2.421771E+01,4.382102E+01,7.043339E+02,0.000000E+00,2.007704E-02,0.000000E+00,0.000000E+00,0.000000E+00,0.000000E+00,0.000000E+00,0.000000E+00,0.000000E+00,0.000000E+00,0.000000E+00,1.559660E+01,6.615203E+01,2.490492E+01,4.412168E+01
05:10:00,2.575799E+03,0.000000E+00,8.420024E-02,0.000000E+00,0.000000E+00,0.000000E+00,0.000000E+00,0.000000E+00,0.000000E+00,0.000000E+00,0.000000E+00,0.000000E+00,1.000000E+01,1.646225E+01,2.410402E+01,4.412248E+01,2.245004E+03,0.000000E+00,6.390871E-02,0.000000E+00,0.000000E+00,0.000000E+00,0.000000E+00,0.000000E+00,0.000000E+00,0.000000E+00,0.000000E+00,0.000000E+00,1.555076E+01,5.360928E+01,2.420442E+01,4.385573E+01,7.049235E+02,0.000000E+00,2.009385E-02,0.000000E+00,0.000000E+00,0.000000E+00,0.000000E+00,0.000000E+00,0.000000E+00,0.000000E+00,0.000000E+00,0.000000E+00,1.559660E+01,6.615671E+01,2.488727E+01,4.417003E+01
05:20:00,2.576176E+03,0.000000E+00,8.421256E-02,0.000000E+00,0.000000E+00,0.000000E+00,0.000000E+00,0.000000E+00,0.000000E+00,0.000000E+00,0.000000E+00,0.000000E+00,1.000000E+01,1.646225E+01,2.409689E+01,4.414110E+01,2.245425E+03,0.000000E+00,6.392069E-02,0.000000E+00,0.000000E+00,0.000000E+00,0.000000E+00,0.000000E+00,0.000000E+00,0.000000E+00,0.000000E+00,0.000000E+00,1.555076E+01,5.361178E+01,2.419503E+01,4.388024E+01,7.055018E+02,0.000000E+00,2.011034E-02,0.000000E+00,0.000000E+00,0.000000E+00,0.000000E+00,0.000000E+00,0.000000E+00,0.000000E+00,0.000000E+00,0.000000E+00,1.559660E+01,6.616130E+01,2.487070E+01,4.421554E+01
05:30:00,2.576549E+03,0.000000E+00,8.422475E-02,0.000000E+00,0.000000E+00,0.000000E+00,0.000000E+00,0.000000E+00,0.000000E+00,0.000000E+00,0.000000E+00,0.000000E+00,1.000000E+01,1.646225E+01,2.409547E+01,4.414463E+01,2.245839E+03,0.000000E+00,6.393247E-02,0.000000E+00,0.000000E+00,0.000000E+00,0.000000E+00,0.000000E+00,0.000000E+00,0.000000E+00,0.000000E+00,0.000000E+00,1.555076E+01,5.361424E+01,2.418958E+01,4.389442E+01,7.060690E+02,0.000000E+00,2.012651E-02,0.000000E+00,0.000000E+00,0.000000E+00,0.000000E+00,0.000000E+00,0.000000E+00,0.000000E+00,0.000000E+00,0.000000E+00,1.559660E+01,6.616579E+01,2.485510E+01,4.425846E+01
05:40:00,2.576918E+03,0.000000E+00,8.423682E-02,0.000000E+00,0.000000E+00,0.000000E+00,0.000000E+00,0.000000E+00,0.000000E+00,0.000000E+00,0.000000E+00,0.000000E+00,1.000000E+01,1.646225E+01,2.409986E+01,4.413279E+01,2.246246E+03,0.000000E+00,6.394406E-02,0.000000E+00,0.000000E+00,0.000000E+00,0.000000E+00,0.000000E+00,0.000000E+00,0.000000E+00,0.000000E+00,0.000000E+00,1.555076E+01,5.361666E+01,2.418793E+01,4.389859E+01,7.066254E+02,0.000000E+00,2.014237E-02,0.000000E+00,0.000000E+00,0.000000E+00,0.000000E+00,0.000000E+00,0.000000E+00,0.000000E+00,0.000000E+00,0.000000E+00,1.559660E+01,6.617019E+01,2.483991E+01,4.430027E+01
05:50:00,2.577284E+03,0.000000E+00,8.424877E-02,0.000000E+00,0.000000E+00,0.000000E+00,0.000000E+00,0.000000E+00,0.000000E+00,0.000000E+00,0.000000E+00,0.000000E+00,1.000000E+01,1.646225E+01,2.411007E+01,4.410556E+01,2.246647E+03,0.000000E+00,6.395547E-02,0.000000E+00,0.000000E+00,0.000000E+00,0.000000E+00,0.000000E+00,0.000000E+00,0.000000E+00,0.000000E+00,0.000000E+00,1.555076E+01,5.361904E+01,2.419001E+01,4.389300E+01,7.071713E+02,0.000000E+00,2.015793E-02,0.000000E+00,0.000000E+00,0.000000E+00,0.000000E+00,0.000000E+00,0.000000E+00,0.000000E+00,0.000000E+00,0.000000E+00,1.559660E+01,6.617449E+01,2.482491E+01,4.434157E+01
06:00:00,2.577646E+03,0.000000E+00,8.426061E-02,0.000000E+00,0.000000E+00,0.000000E+00,0.000000E+00,0.000000E+00,0.000000E+00,0.000000E+00,0.000000E+00,0.000000E+00,1.000000E+01,1.646225E+01,2.412598E+01,4.406330E+01,2.247041E+03,0.000000E+00,6.396670E-02,0.000000E+00,0.000000E+00,0.000000E+00,0.000000E+00,0.000000E+00,0.000000E+00,0.000000E+00,0.000000E+00,0.000000E+00,1.555076E+01,5.362138E+01,2.419569E+01,4.387795E+01,7.077068E+02,0.000000E+00,2.017319E-02,0.000000E+00,0.000000E+00,0.000000E+00,0.000000E+00,0.000000E+00,0.000000E+00,0.000000E+00,0.000000E+00,0.000000E+00,1.559660E+01,6.617871E+01,2.481013E+01,4.438226E+01
06:10:00,2.578004E+03,0.000000E+00,8.427233E-02,0.000000E+00,0.000000E+00,0.000000E+00,0.000000E+00,0.000000E+00,0.000000E+00,0.000000E+00,0.000000E+00,0.000000E+00,1.000000E+01,1.646225E+01,2.414729E+01,4.400685E+01,2.248274E+03,0.000000E+00,6.400364E-02,0.000000E+00,0.000000E+00,0.000000E+00,0.000000E+00,0.000000E+00,0.000000E+00,0.000000E+00,0.000000E+00,0.000000E+00,1.555670E+01,5.360951E+01,2.420472E+01,4.385411E+01,7.931294E+02,0.000000E+00,2.289299E-02,0.000000E+00,0.000000E+00,0.000000E+00,0.000000E+00,0.000000E+00,0.000000E+00,0.000000E+00,0.000000E+00,0.000000E+00,1.745670E+01,5.950465E+01,2.482851E+01,4.433508E+01
06:20:00,2.578135E+03,0.000000E+00,8.427660E-02,0.000000E+00,0.000000E+00,0.000000E+00,0.000000E+00,0.000000E+00,0.000000E+00,0.000000E+00,0.000000E+00,0.000000E+00,1.000000E+01,1.646225E+01,2.417504E+01,4.393354E+01,2.247497E+03,0.000000E+00,6.398368E-02,0.000000E+00,0.000000E+00,0.000000E+00,0.000000E+00,0.000000E+00,0.000000E+00,0.000000E+00,0.000000E+00,0.000000E+00,1.555771E+01,5.361091E+01,2.421850E+01,4.381785E+01,8.562538E+02,0.000000E+00,2.504504E-02,0.000000E+00,0.000000E+00,0.000000E+00,0.000000E+00,0.000000E+00,0.000000E+00,0.000000E+00,0.000000E+00,0.000000E+00,1.779853E+01,5.879335E+01,2.486674E+01,4.425778E+01
06:30:00,2.577404E+03,0.000000E+00,8.425270E-02,0.000000E+00,0.000000E+00,0.000000E+00,0.000000E+00,0.000000E+00,0.000000E+00,0.000000E+00,0.000000E+00,0.000000E+00,1.000000E+01,1.646225E+01,2.420860E+01,4.384511E+01,2.246760E+03,0.000000E+00,6.396285E-02,0.000000E+00,0.000000E+00,0.000000E+00,0.000000E+00,0.000000E+00,0.000000E+00,0.000000E+00,0.000000E+00,0.000000E+00,1.555124E+01,5.362787E+01,2.423630E+01,4.377111E+01,9.333302E+02,0.000000E+00,2.762182E-02,0.000000E+00,0.000000E+00,0.000000E+00,0.000000E+00,0.000000E+00,0.000000E+00,0.000000E+00,0.000000E+00,0.000000E+00,1.779667E+01,5.914895E+01,2.490104E+01,4.420438E+01
06:40:00,2.575577E+03,0.000000E+00,8.419299E-02,0.000000E+00,0.000000E+00,0.000000E+00,0.000000E+00,0.000000E+00,0.000000E+00,0.000000E+00,0.000000E+00,0.000000E+00,1.000000E+01,1.646225E+01,2.424607E+01,4.374665E+01,2.244120E+03,0.000000E+00,6.388772E-02,0.000000E+00,0.000000E+00,0.000000E+00,0.000000E+00,0.000000E+00,0.000000E+00,0.000000E+00,0.000000E+00,0.000000E+00,1.555081E+01,5.362181E+01,2.425622E+01,4.371891E+01,1.000662E+03,0.000000E+00,2.990198E-02,0.000000E+00,0.000000E+00,0.000000E+00,0.000000E+00,0.000000E+00,0.000000E+00,0.000000E+00,0.000000E+00,0.000000E+00,1.779647E+01,5.955350E+01,2.492865E+01,4.417221E+01
06:50:00,2.572723E+03,0.000000E+00,8.409969E-02,0.000000E+00,0.000000E+00,0.000000E+00,0.000000E+00,0.000000E+00,0.000000E+00,0.000000E+00,0.000000E+00,0.000000E+00,1.000000E+01,1.646225E+01,2.428559E+01,4.364312E+01,2.240163E+03,0.000000E+00,6.377506E-02,0.000000E+00,0.000000E+00,0.000000E+00,0.000000E+00,0.000000E+00,0.000000E+00,0.000000E+00,0.000000E+00,0.000000E+00,1.555082E+01,5.360337E+01,2.427645E+01,4.366602E+01,1.064359E+03,0.000000E+00,3.207173E-02,0.000000E+00,0.000000E+00,0.000000E+00,0.000000E+00,0.000000E+00,0.000000E+00,0.000000E+00,0.000000E+00,0.000000E+00,1.779691E+01,5.965398E+01,2.495183E+01,4.415067E+01
07:00:00,2.568983E+03,0.000000E+00,8.397744E-02,0.000000E+00,0.000000E+00,0.000000E+00,0.000000E+00,0.000000E+00,0.000000E+00,0.000000E+00,0.000000E+00,0.000000E+00,1.000000E+01,1.646225E+01,2.432582E+01,4.353806E+01,2.235007E+03,0.000000E+00,6.362833E-02,0.000000E+00,0.000000E+00,0.000000E+00,0.000000E+00,0.000000E+00,0.000000E+00,0.000000E+00,0.000000E+00,0.000000E+00,1.555083E+01,5.357574E+01,2.429548E+01,4.361636E+01,1.125288E+03,0.000000E+00,3.415735E-02,0.000000E+00,0.000000E+00,0.000000E+00,0.000000E+00,0.000000E+00,0.000000E+00,0.000000E+00,0.000000E+00,0.000000E+00,1.779708E+01,5.961375E+01,2.497194E+01,4.413506E+01
07:10:00,2.564492E+03,0.000000E+00,8.383064E-02,0.000000E+00,0.000000E+00,0.000000E+00,0.000000E+00,0.000000E+00,0.000000E+00,0.000000E+00,0.000000E+00,0.000000E+00,1.000000E+01,1.646225E+01,2.436555E+01,4.343459E+01,2.228809E+03,0.000000E+00,6.345188E-02,0.000000E+00,0.000000E+00,0.000000E+00,0.000000E+00,0.000000E+00,0.000000E+00,0.000000E+00,0.000000E+00,0.000000E+00,1.555673E+01,5.351422E+01,2.431500E+01,4.356553E+01,1.192768E+03,0.000000E+00,3.677639E-02,0.000000E+00,0.000000E+00,0.000000E+00,0.000000E+00,0.000000E+00,0.000000E+00,0.000000E+00,0.000000E+00,0.000000E+00,1.965117E+01,5.343317E+01,2.498966E+01,4.412381E+01
07:20:00,2.559414E+03,0.000000E+00,8.366464E-02,0.000000E+00,0.000000E+00,0.000000E+00,0.000000E+00,0.000000E+00,0.000000E+00,0.000000E+00,0.000000E+00,0.000000E+00,1.000000E+01,1.646225E+01,2.440586E+01,4.332997E+01,2.221717E+03,0.000000E+00,6.324994E-02,0.000000E+00,0.000000E+00,0.000000E+00,0.000000E+00,0.000000E+00,0.000000E+00,0.000000E+00,0.000000E+00,0.000000E+00,1.555774E+01,5.349287E+01,2.433967E+01,4.350141E+01,1.256687E+03,0.000000E+00,3.926989E-02,0.000000E+00,0.000000E+00,0.000000E+00,0.000000E+00,0.000000E+00,0.000000E+00,0.000000E+00,0.000000E+00,0.000000E+00,1.999879E+01,5.258421E+01,2.501186E+01,4.411952E+01
07:30:00,2.554083E+03,0.000000E+00,8.349038E-02,0.000000E+00,0.000000E+00,0.000000E+00,0.000000E+00,0.000000E+00,0.000000E+00,0.000000E+00,0.000000E+00,0.000000E+00,1.000000E+01,1.646225E+01,2.444911E+01,4.321809E+01,2.213803E+03,0.000000E+00,6.302466E-02,0.000000E+00,0.000000E+00,0.000000E+00,0.000000E+00,0.000000E+00,0.000000E+00,0.000000E+00,0.000000E+00,0.000000E+00,1.555131E+01,5.349710E+01,2.437010E+01,4.342247E+01,1.317221E+03,0.000000E+00,4.168407E-02,0.000000E+00,0.000000E+00,0.000000E+00,0.000000E+00,0.000000E+00,0.000000E+00,0.000000E+00,0.000000E+00,0.000000E+00,1.999739E+01,5.274804E+01,2.503446E+01,4.412500E+01
07:40:00,2.548151E+03,0.000000E+00,8.329645E-02,0.000000E+00,0.000000E+00,0.000000E+00,0.000000E+00,0.000000E+00,0.000000E+00,0.000000E+00,0.000000E+00,0.000000E+00,1.000000E+01,1.646225E+01,2.449602E+01,4.309715E+01,2.205189E+03,0.000000E+00,6.277947E-02,0.000000E+00,0.000000E+00,0.000000E+00,0.000000E+00,0.000000E+00,0.000000E+00,0.000000E+00,0.000000E+00,0.000000E+00,1.555090E+01,5.345351E+01,2.440453E+01,4.333341E+01,1.375883E+03,0.000000E+00,4.401545E-02,0.000000E+00,0.000000E+00,0.000000E+00,0.000000E+00,0.000000E+00,0.000000E+00,0.000000E+00,0.000000E+00,0.000000E+00,1.999723E+01,5.287642E+01,2.505713E+01,4.413227E+01
07:50:00,2.541603E+03,0.000000E+00,8.308241E-02,0.000000E+00,0.000000E+00,0.000000E+00,0.000000E+00,0.000000E+00,0.000000E+00,0.000000E+00,0.000000E+00,0.000000E+00,1.000000E+01,1.646225E+01,2.454614E+01,4.296839E+01,2.195985E+03,0.000000E+00,6.251750E-02,0.000000E+00,0.000000E+00,0.000000E+00,0.000000E+00,0.000000E+00,0.000000E+00,0.000000E+00,0.000000E+00,0.000000E+00,1.555090E+01,5.339701E+01,2.444140E+01,4.323832E+01,1.432971E+03,0.000000E+00,4.628746E-02,0.000000E+00,0.000000E+00,0.000000E+00,0.000000E+00,0.000000E+00,0.000000E+00,0.000000E+00,0.000000E+00,0.000000E+00,1.999745E+01,5.284882E+01,2.508299E+01,4.412896E+01
08:00:00,2.534452E+03,0.000000E+00,8.284866E-02,0.000000E+00,0.000000E+00,0.000000E+00,0.000000E+00,0.000000E+00,0.000000E+00,0.000000E+00,0.000000E+00,0.000000E+00,1.000000E+01,1.646225E+01,2.459874E+01,4.283379E+01,2.186279E+03,0.000000E+00,6.224121E-02,0.000000E+00,0.000000E+00,0.000000E+00,0.000000E+00,0.000000E+00,0.000000E+00,0.000000E+00,0.000000E+00,0.000000E+00,1.555091E+01,5.333471E+01,2.447987E+01,4.313941E+01,1.488799E+03,0.000000E+00,4.851229E-02,0.000000E+00,0.000000E+00,0.000000E+00,0.000000E+00,0.000000E+00,0.000000E+00,0.000000E+00,0.000000E+00,0.000000E+00,1.999748E+01,5.278133E+01,2.511676E+01,4.410176E+01
08:10:00,2.501312E+03,0.000000E+00,8.176533E-02,0.000000E+00,0.000000E+00,0.000000E+00,0.000000E+00,0.000000E+00,0.000000E+00,0.000000E+00,0.000000E+00,0.000000E+00,1.000000E+01,1.646225E+01,2.474784E+01,4.245433E+01,2.175880E+03,0.000000E+00,6.194430E-02,0.000000E+00,0.000000E+00,0.000000E+00,0.000000E+00,0.000000E+00,0.000000E+00,0.000000E+00,0.000000E+00,0.000000E+00,1.555392E+01,5.325381E+01,2.453687E+01,4.299328E+01,1.494161E+03,3.411736E+01,4.902187E-02,2.812342E-03,0.000000E+00,0.000000E+00,0.000000E+00,0.000000E+00,0.000000E+00,0.000000E+00,0.000000E+00,0.000000E+00,2.062102E+01,5.086033E+01,2.421296E+01,4.647805E+01
08:20:00,2.467733E+03,0.000000E+00,8.066769E-02,0.000000E+00,0.000000E+00,0.000000E+00,0.000000E+00,0.000000E+00,0.000000E+00,0.000000E+00,0.000000E+00,0.000000E+00,1.000000E+01,1.646225E+01,2.490968E+01,4.204646E+01,2.165876E+03,0.000000E+00,6.165880E-02,0.000000E+00,0.000000E+00,0.000000E+00,0.000000E+00,0.000000E+00,0.000000E+00,0.000000E+00,0.000000E+00,0.000000E+00,1.555550E+01,5.321196E+01,2.456683E+01,4.291670E+01,1.511172E+03,4.782923E+01,4.987252E-02,4.020280E-03,0.000000E+00,0.000000E+00,0.000000E+00,0.000000E+00,0.000000E+00,0.000000E+00,0.000000E+00,0.000000E+00,2.099693E+01,4.988948E+01,2.389968E+01,4.729967E+01
08:30:00,2.433834E+03,0.000000E+00,7.955956E-02,0.000000E+00,0.000000E+00,0.000000E+00,0.000000E+00,0.000000E+00,0.000000E+00,0.000000E+00,0.000000E+00,0.000000E+00,1.000000E+01,1.646225E+01,2.500021E+01,4.182024E+01,2.155828E+03,0.000000E+00,6.137275E-02,0.000000E+00,0.000000E+00,0.000000E+00,0.000000E+00,0.000000E+00,0.000000E+00,0.000000E+00,0.000000E+00,0.000000E+00,1.555121E+01,5.320236E+01,2.458782E+01,4.286308E+01,1.519718E+03,7.540382E+01,5.044952E-02,6.449422E-03,0.000000E+00,0.000000E+00,0.000000E+00,0.000000E+00,0.000000E+00,0.000000E+00,0.000000E+00,0.000000E+00,2.099751E+01,4.997892E+01,2.389978E+01,4.724628E+01
08:40:00,2.400180E+03,0.000000E+00,7.845945E-02,0.000000E+00,0.000000E+00,0.000000E+00,0.000000E+00,0.000000E+00,0.000000E+00,0.000000E+00,0.000000E+00,0.000000E+00,1.000000E+01,1.646225E+01,2.519093E+01,4.134832E+01,2.146504E+03,0.000000E+00,6.110731E-02,0.000000E+00,0.000000E+00,0.000000E+00,0.000000E+00,0.000000E+00,0.000000E+00,0.000000E+00,0.000000E+00,0.000000E+00,1.555094E+01,5.314083E+01,2.464093E+01,4.272793E+01,1.533638E+03,1.008628E+02,5.119529E-02,8.692233E-03,0.000000E+00,0.000000E+00,0.000000E+00,0.000000E+00,0.000000E+00,0.000000E+00,0.000000E+00,0.000000E+00,2.099768E+01,5.004095E+01,2.389960E+01,4.718421E+01
08:50:00,2.366863E+03,0.000000E+00,7.737034E-02,0.000000E+00,0.000000E+00,0.000000E+00,0.000000E+00,0.000000E+00,0.000000E+00,0.000000E+00,0.000000E+00,0.000000E+00,1.000000E+01,1.646225E+01,2.533519E+01,4.099557E+01,2.137723E+03,0.000000E+00,6.085735E-02,0.000000E+00,0.000000E+00,0.000000E+00,0.000000E+00,0.000000E+00,0.000000E+00,0.000000E+00,0.000000E+00,0.000000E+00,1.555093E+01,5.307249E+01,2.469324E+01,4.259542E+01,1.549231E+03,1.275856E+02,5.199186E-02,1.104637E-02,0.000000E+00,0.000000E+00,0.000000E+00,0.000000E+00,0.000000E+00,0.000000E+00,0.000000E+00,0.000000E+00,2.099782E+01,5.002478E+01,2.389963E+01,4.713100E+01
09:00:00,2.333895E+03,0.000000E+00,7.629265E-02,0.000000E+00,0.000000E+00,0.000000E+00,0.000000E+00,0.000000E+00,0.000000E+00,0.000000E+00,0.000000E+00,0.000000E+00,1.000000E+01,1.646225E+01,2.543670E+01,4.074962E+01,2.129424E+03,0.000000E+00,6.062110E-02,0.000000E+00,0.000000E+00,0.000000E+00,0.000000E+00,0.000000E+00,0.000000E+00,0.000000E+00,0.000000E+00,0.000000E+00,1.555092E+01,5.300666E+01,2.474060E+01,4.247598E+01,1.566111E+03,1.558368E+02,5.282749E-02,1.353515E-02,0.000000E+00,0.000000E+00,0.000000E+00,0.000000E+00,0.000000E+00,0.000000E+00,0.000000E+00,0.000000E+00,2.099784E+01,4.999058E+01,2.389963E+01,4.708250E+01
09:10:00,2.326688E+03,0.000000E+00,7.605706E-02,0.000000E+00,0.000000E+00,0.000000E+00,0.000000E+00,0.000000E+00,0.000000E+00,0.000000E+00,0.000000E+00,0.000000E+00,1.000000E+01,1.646225E+01,2.551387E+01,4.056395E+01,2.120963E+03,0.000000E+00,6.037935E-02,0.000000E+00,0.000000E+00,0.000000E+00,0.000000E+00,0.000000E+00,0.000000E+00,0.000000E+00,0.000000E+00,0.000000E+00,1.555091E+01,5.294667E+01,2.478516E+01,4.236402E+01,1.539761E+03,1.517172E+02,5.206454E-02,1.336545E-02,0.000000E+00,0.000000E+00,0.000000E+00,0.000000E+00,0.000000E+00,0.000000E+00,0.000000E+00,0.000000E+00,2.099782E+01,4.996562E+01,2.389963E+01,4.703310E+01
09:20:00,2.319893E+03,0.000000E+00,7.583495E-02,0.000000E+00,0.000000E+00,0.000000E+00,0.000000E+00,0.000000E+00,0.000000E+00,0.000000E+00,0.000000E+00,0.000000E+00,1.000000E+01,1.646225E+01,2.558133E+01,4.040255E+01,2.114100E+03,0.000000E+00,6.018262E-02,0.000000E+00,0.000000E+00,0.000000E+00,0.000000E+00,0.000000E+00,0.000000E+00,0.000000E+00,0.000000E+00,0.000000E+00,1.555090E+01,5.289304E+01,2.482950E+01,4.225300E+01,1.525754E+03,1.699472E+02,5.159117E-02,1.497142E-02,0.000000E+00,0.000000E+00,0.000000E+00,0.000000E+00,0.000000E+00,0.000000E+00,0.000000E+00,0.000000E+00,2.099779E+01,4.995099E+01,2.389963E+01,4.698027E+01
09:30:00,2.313815E+03,0.000000E+00,7.563625E-02,0.000000E+00,0.000000E+00,0.000000E+00,0.000000E+00,0.000000E+00,0.000000E+00,0.000000E+00,0.000000E+00,0.000000E+00,1.000000E+01,1.646225E+01,2.564626E+01,4.024793E+01,2.107277E+03,0.000000E+00,5.998831E-02,0.000000E+00,0.000000E+00,0.000000E+00,0.000000E+00,0.000000E+00,0.000000E+00,0.000000E+00,0.000000E+00,0.000000E+00,1.555089E+01,5.284538E+01,2.487441E+01,4.214089E+01,1.508085E+03,1.764275E+02,5.099378E-02,1.554234E-02,0.000000E+00,0.000000E+00,0.000000E+00,0.000000E+00,0.000000E+00,0.000000E+00,0.000000E+00,0.000000E+00,2.099778E+01,4.994085E+01,2.389963E+01,4.692406E+01
09:40:00,2.308573E+03,0.000000E+00,7.546489E-02,0.000000E+00,0.000000E+00,0.000000E+00,0.000000E+00,0.000000E+00,0.000000E+00,0.000000E+00,0.000000E+00,0.000000E+00,1.000000E+01,1.646225E+01,2.571084E+01,4.009485E+01,2.101653E+03,0.000000E+00,5.982818E-02,0.000000E+00,0.000000E+00,0.000000E+00,0.000000E+00,0.000000E+00,0.000000E+00,0.000000E+00,0.000000E+00,0.000000E+00,1.555088E+01,5.280318E+01,2.492003E+01,4.202735E+01,1.495346E+03,1.872791E+02,5.056306E-02,1.649830E-02,0.000000E+00,0.000000E+00,0.000000E+00,0.000000E+00,0.000000E+00,0.000000E+00,0.000000E+00,0.000000E+00,2.099778E+01,4.993175E+01,2.389962E+01,4.686579E+01
09:50:00,2.304107E+03,0.000000E+00,7.531891E-02,0.000000E+00,0.000000E+00,0.000000E+00,0.000000E+00,0.000000E+00,0.000000E+00,0.000000E+00,0.000000E+00,0.000000E+00,1.000000E+01,1.646225E+01,2.577519E+01,3.994299E+01,2.096798E+03,0.000000E+00,5.968995E-02,0.000000E+00,0.000000E+00,0.000000E+00,0.000000E+00,0.000000E+00,0.000000E+00,0.000000E+00,0.000000E+00,0.000000E+00,1.555087E+01,5.276595E+01,2.496639E+01,4.191233E+01,1.485020E+03,1.992389E+02,5.021392E-02,1.755190E-02,0.000000E+00,0.000000E+00,0.000000E+00,0.000000E+00,0.000000E+00,0.000000E+00,0.000000E+00,0.000000E+00,2.099777E+01,4.992317E+01,2.389963E+01,4.680716E+01
10:00:00,2.300322E+03,0.000000E+00,7.519517E-02,0.000000E+00,0.000000E+00,0.000000E+00,0.000000E+00,0.000000E+00,0.000000E+00,0.000000E+00,0.000000E+00,0.000000E+00,1.000000E+01,1.646225E+01,2.583912E+01,3.979277E+01,2.092638E+03,0.000000E+00,5.957153E-02,0.000000E+00,0.000000E+00,0.000000E+00,0.000000E+00,0.000000E+00,0.000000E+00,0.000000E+00,0.000000E+00,0.000000E+00,1.555086E+01,5.273325E+01,2.501352E+01,4.179574E+01,1.476472E+03,2.121328E+02,4.992486E-02,1.868778E-02,0.000000E+00,0.000000E+00,0.000000E+00,0.000000E+00,0.000000E+00,0.000000E+00,0.000000E+00,0.000000E+00,2.099777E+01,4.991552E+01,2.389963E+01,4.674976E+01
10:10:00,2.297123E+03,0.000000E+00,7.509060E-02,0.000000E+00,0.000000E+00,0.000000E+00,0.000000E+00,0.000000E+00,0.000000E+00,0.000000E+00,0.000000E+00,0.000000E+00,1.000000E+01,1.646225E+01,2.590264E+01,3.964419E+01,2.089078E+03,0.000000E+00,5.947015E-02,0.000000E+00,0.000000E+00,0.000000E+00,0.000000E+00,0.000000E+00,0.000000E+00,0.000000E+00,0.000000E+00,0.000000E+00,1.555086E+01,5.270460E+01,2.506148E+01,4.167749E+01,1.469341E+03,2.258131E+02,4.968370E-02,1.989294E-02,0.000000E+00,0.000000E+00,0.000000E+00,0.000000E+00,0.000000E+00,0.000000E+00,0.000000E+00,0.000000E+00,2.099776E+01,4.990901E+01,2.389963E+01,4.669485E+01
10:20:00,2.294412E+03,0.000000E+00,7.500200E-02,0.000000E+00,0.000000E+00,0.000000E+00,0.000000E+00,0.000000E+00,0.000000E+00,0.000000E+00,0.000000E+00,0.000000E+00,1.000000E+01,1.646225E+01,2.596532E+01,3.949822E+01,2.086013E+03,0.000000E+00,5.938290E-02,0.000000E+00,0.000000E+00,0.000000E+00,0.000000E+00,0.000000E+00,0.000000E+00,0.000000E+00,0.000000E+00,0.000000E+00,1.555085E+01,5.267960E+01,2.510956E+01,4.155932E+01,1.463333E+03,2.401431E+02,4.948054E-02,2.115534E-02,0.000000E+00,0.000000E+00,0.000000E+00,0.000000E+00,0.000000E+00,0.000000E+00,0.000000E+00,0.000000E+00,2.099776E+01,4.990354E+01,2.389964E+01,4.664335E+01
10:30:00,2.292106E+03,0.000000E+00,7.492661E-02,0.000000E+00,0.000000E+00,0.000000E+00,0.000000E+00,0.000000E+00,0.000000E+00,0.000000E+00,0.000000E+00,0.000000E+00,1.000000E+01,1.646225E+01,2.602711E+01,3.935492E+01,2.083359E+03,0.000000E+00,5.930734E-02,0.000000E+00,0.000000E+00,0.000000E+00,0.000000E+00,0.000000E+00,0.000000E+00,0.000000E+00,0.000000E+00,0.000000E+00,1.555085E+01,5.265777E+01,2.515763E+01,4.144156E+01,1.458220E+03,2.549912E+02,4.930765E-02,2.246337E-02,0.000000E+00,0.000000E+00,0.000000E+00,0.000000E+00,0.000000E+00,0.000000E+00,0.000000E+00,0.000000E+00,2.099776E+01,4.989886E+01,2.389965E+01,4.659574E+01
10:40:00,2.290132E+03,0.000000E+00,7.486209E-02,0.000000E+00,0.000000E+00,0.000000E+00,0.000000E+00,0.000000E+00,0.000000E+00,0.000000E+00,0.000000E+00,0.000000E+00,1.000000E+01,1.646225E+01,2.608823E+01,3.921377E+01,2.081045E+03,0.000000E+00,5.924145E-02,0.000000E+00,0.000000E+00,0.000000E+00,0.000000E+00,0.000000E+00,0.000000E+00,0.000000E+00,0.000000E+00,0.000000E+00,1.555084E+01,5.263865E+01,2.520592E+01,4.132364E+01,1.453823E+03,2.701634E+02,4.915897E-02,2.379995E-02,0.000000E+00,0.000000E+00,0.000000E+00,0.000000E+00,0.000000E+00,0.000000E+00,0.000000E+00,0.000000E+00,2.099776E+01,4.989477E+01,2.389965E+01,4.655223E+01
10:50:00,2.288432E+03,0.000000E+00,7.480651E-02,0.000000E+00,0.000000E+00,0.000000E+00,0.000000E+00,0.000000E+00,0.000000E+00,0.000000E+00,0.000000E+00,0.000000E+00,1.000000E+01,1.646225E+01,2.614887E+01,3.907431E+01,2.079012E+03,0.000000E+00,5.918358E-02,0.000000E+00,0.000000E+00,0.000000E+00,0.000000E+00,0.000000E+00,0.000000E+00,0.000000E+00,0.000000E+00,0.000000E+00,1.555084E+01,5.262183E+01,2.525462E+01,4.120506E+01,1.450002E+03,2.855794E+02,4.902975E-02,2.515801E-02,0.000000E+00,0.000000E+00,0.000000E+00,0.000000E+00,0.000000E+00,0.000000E+00,0.000000E+00,0.000000E+00,2.099775E+01,4.989113E+01,2.389966E+01,4.651302E+01
11:00:00,2.286955E+03,0.000000E+00,7.475822E-02,0.000000E+00,0.000000E+00,0.000000E+00,0.000000E+00,0.000000E+00,0.000000E+00,0.000000E+00,0.000000E+00,0.000000E+00,1.000000E+01,1.646225E+01,2.620911E+01,3.893636E+01,2.077212E+03,0.000000E+00,5.913232E-02,0.000000E+00,0.000000E+00,0.000000E+00,0.000000E+00,0.000000E+00,0.000000E+00,0.000000E+00,0.000000E+00,0.000000E+00,1.555084E+01,5.260698E+01,2.530380E+01,4.108571E+01,1.446644E+03,3.011394E+02,4.891621E-02,2.652874E-02,0.000000E+00,0.000000E+00,0.000000E+00,0.000000E+00,0.000000E+00,0.000000E+00,0.000000E+00,0.000000E+00,2.099775E+01,4.988787E+01,2.389966E+01,4.647786E+01
11:10:00,2.285653E+03,0.000000E+00,7.471567E-02,0.000000E+00,0.000000E+00,0.000000E+00,0.000000E+00,0.000000E+00,0.000000E+00,0.000000E+00,0.000000E+00,0.000000E+00,1.000000E+01,1.646225E+01,2.626890E+01,3.879997E+01,2.075596E+03,0.000000E+00,5.908632E-02,0.000000E+00,0.000000E+00,0.000000E+00,0.000000E+00,0.000000E+00,0.000000E+00,0.000000E+00,0.000000E+00,0.000000E+00,1.555083E+01,5.259378E+01,2.535325E+01,4.096613E+01,1.443655E+03,3.166920E+02,4.881513E-02,2.789882E-02,0.000000E+00,0.000000E+00,0.000000E+00,0.000000E+00,0.000000E+00,0.000000E+00,0.000000E+00,0.000000E+00,2.099775E+01,4.988493E+01,2.389967E+01,4.644634E+01
11:20:00,2.284496E+03,0.000000E+00,7.467786E-02,0.000000E+00,0.000000E+00,0.000000E+00,0.000000E+00,0.000000E+00,0.000000E+00,0.000000E+00,0.000000E+00,0.000000E+00,1.000000E+01,1.646225E+01,2.632682E+01,3.866841E+01,2.074136E+03,0.000000E+00,5.904473E-02,0.000000E+00,0.000000E+00,0.000000E+00,0.000000E+00,0.000000E+00,0.000000E+00,0.000000E+00,0.000000E+00,0.000000E+00,1.555083E+01,5.258198E+01,2.540103E+01,4.085094E+01,1.440967E+03,3.321190E+02,4.872424E-02,2.925784E-02,0.000000E+00,0.000000E+00,0.000000E+00,0.000000E+00,0.000000E+00,0.000000E+00,0.000000E+00,0.000000E+00,2.099775E+01,4.988225E+01,2.389968E+01,4.641821E+01
11:30:00,2.283460E+03,0.000000E+00,7.464397E-02,0.000000E+00,0.000000E+00,0.000000E+00,0.000000E+00,0.000000E+00,0.000000E+00,0.000000E+00,0.000000E+00,0.000000E+00,1.000000E+01,1.646225E+01,2.638240E+01,3.854264E+01,2.072805E+03,0.000000E+00,5.900685E-02,0.000000E+00,0.000000E+00,0.000000E+00,0.000000E+00,0.000000E+00,0.000000E+00,0.000000E+00,0.000000E+00,0.000000E+00,1.555083E+01,5.257137E+01,2.544689E+01,4.074074E+01,1.438527E+03,3.473088E+02,4.864173E-02,3.059596E-02,0.000000E+00,0.000000E+00,0.000000E+00,0.000000E+00,0.000000E+00,0.000000E+00,0.000000E+00,0.000000E+00,2.099775E+01,4.987979E+01,2.389968E+01,4.639320E+01
11:40:00,2.282521E+03,0.000000E+00,7.461329E-02,0.000000E+00,0.000000E+00,0.000000E+00,0.000000E+00,0.000000E+00,0.000000E+00,0.000000E+00,0.000000E+00,0.000000E+00,1.000000E+01,1.646225E+01,2.643599E+01,3.842184E+01,2.071584E+03,0.000000E+00,5.897209E-02,0.000000E+00,0.000000E+00,0.000000E+00,0.000000E+00,0.000000E+00,0.000000E+00,0.000000E+00,0.000000E+00,0.000000E+00,1.555083E+01,5.256175E+01,2.549158E+01,4.063368E+01,1.436292E+03,3.622198E+02,4.856614E-02,3.190953E-02,0.000000E+00,0.000000E+00,0.000000E+00,0.000000E+00,0.000000E+00,0.000000E+00,0.000000E+00,0.000000E+00,2.099775E+01,4.987751E+01,2.389969E+01,4.637098E+01
11:50:00,2.281663E+03,0.000000E+00,7.458524E-02,0.000000E+00,0.000000E+00,0.000000E+00,0.000000E+00,0.000000E+00,0.000000E+00,0.000000E+00,0.000000E+00,0.000000E+00,1.000000E+01,1.646225E+01,2.648807E+01,3.830487E+01,2.070455E+03,0.000000E+00,5.893993E-02,0.000000E+00,0.000000E+00,0.000000E+00,0.000000E+00,0.000000E+00,0.000000E+00,0.000000E+00,0.000000E+00,0.000000E+00,1.555083E+01,5.255299E+01,2.553575E+01,4.052818E+01,1.434226E+03,3.767034E+02,4.849629E-02,3.318543E-02,0.000000E+00,0.000000E+00,0.000000E+00,0.000000E+00,0.000000E+00,0.000000E+00,0.000000E+00,0.000000E+00,2.099775E+01,4.987539E+01,2.389969E+01,4.635125E+01
12:00:00,2.280871E+03,0.000000E+00,7.455935E-02,0.000000E+00,0.000000E+00,0.000000E+00,0.000000E+00,0.000000E+00,0.000000E+00,0.000000E+00,0.000000E+00,0.000000E+00,1.000000E+01,1.646225E+01,2.653887E+01,3.819116E+01,2.069402E+03,0.000000E+00,5.890997E-02,0.000000E+00,0.000000E+00,0.000000E+00,0.000000E+00,0.000000E+00,0.000000E+00,0.000000E+00,0.000000E+00,0.000000E+00,1.555083E+01,5.254494E+01,2.557958E+01,4.042377E+01,1.432302E+03,3.906356E+02,4.843124E-02,3.441276E-02,0.000000E+00,0.000000E+00,0.000000E+00,0.000000E+00,0.000000E+00,0.000000E+00,0.000000E+00,0.000000E+00,2.099774E+01,4.987338E+01,2.389969E+01,4.633376E+01
12:10:00,2.305583E+03,0.000000E+00,7.536716E-02,0.000000E+00,0.000000E+00,0.000000E+00,0.000000E+00,0.000000E+00,0.000000E+00,0.000000E+00,0.000000E+00,0.000000E+00,1.000000E+01,1.646225E+01,2.658840E+01,3.808069E+01,2.068424E+03,0.000000E+00,5.888212E-02,0.000000E+00,0.000000E+00,0.000000E+00,0.000000E+00,0.000000E+00,0.000000E+00,0.000000E+00,0.000000E+00,0.000000E+00,1.555083E+01,5.253749E+01,2.562289E+01,4.032088E+01,1.431123E+03,4.034093E+02,4.839135E-02,3.553804E-02,0.000000E+00,0.000000E+00,0.000000E+00,0.000000E+00,0.000000E+00,0.000000E+00,0.000000E+00,0.000000E+00,2.099774E+01,4.987149E+01,2.389970E+01,4.631832E+01
12:20:00,2.330340E+03,0.000000E+00,7.617645E-02,0.000000E+00,0.000000E+00,0.000000E+00,0.000000E+00,0.000000E+00,0.000000E+00,0.000000E+00,0.000000E+00,0.000000E+00,1.000000E+01,1.646225E+01,2.652425E+01,3.822564E+01,2.067501E+03,0.000000E+00,5.885583E-02,0.000000E+00,0.000000E+00,0.000000E+00,0.000000E+00,0.000000E+00,0.000000E+00,0.000000E+00,0.000000E+00,0.000000E+00,1.555082E+01,5.253062E+01,2.566488E+01,4.022142E+01,1.430068E+03,4.153704E+02,4.835567E-02,3.659173E-02,0.000000E+00,0.000000E+00,0.000000E+00,0.000000E+00,0.000000E+00,0.000000E+00,0.000000E+00,0.000000E+00,2.099774E+01,4.981794E+01,2.389970E+01,4.624280E+01
12:30:00,2.355136E+03,0.000000E+00,7.698701E-02,0.000000E+00,0.000000E+00,0.000000E+00,0.000000E+00,0.000000E+00,0.000000E+00,0.000000E+00,0.000000E+00,0.000000E+00,1.000000E+01,1.646225E+01,2.643329E+01,3.843193E+01,2.066625E+03,0.000000E+00,5.883091E-02,0.000000E+00,0.000000E+00,0.000000E+00,0.000000E+00,0.000000E+00,0.000000E+00,0.000000E+00,0.000000E+00,0.000000E+00,1.555082E+01,5.252420E+01,2.570545E+01,4.012560E+01,1.429111E+03,4.263127E+02,4.832331E-02,3.755565E-02,0.000000E+00,0.000000E+00,0.000000E+00,0.000000E+00,0.000000E+00,0.000000E+00,0.000000E+00,0.000000E+00,2.099768E+01,4.976517E+01,2.389974E+01,4.616524E+01
12:40:00,2.379966E+03,0.000000E+00,7.779867E-02,0.000000E+00,0.000000E+00,0.000000E+00,0.000000E+00,0.000000E+00,0.000000E+00,0.000000E+00,0.000000E+00,0.000000E+00,1.000000E+01,1.646225E+01,2.637803E+01,3.855815E+01,2.065793E+03,0.000000E+00,5.880723E-02,0.000000E+00,0.000000E+00,0.000000E+00,0.000000E+00,0.000000E+00,0.000000E+00,0.000000E+00,0.000000E+00,0.000000E+00,1.555082E+01,5.251814E+01,2.574485E+01,4.003276E+01,1.428240E+03,4.359407E+02,4.829380E-02,3.840376E-02,0.000000E+00,0.000000E+00,0.000000E+00,0.000000E+00,0.000000E+00,0.000000E+00,0.000000E+00,0.000000E+00,2.099761E+01,4.973860E+01,2.389979E+01,4.611918E+01
12:50:00,2.404830E+03,0.000000E+00,7.861146E-02,0.000000E+00,0.000000E+00,0.000000E+00,0.000000E+00,0.000000E+00,0.000000E+00,0.000000E+00,0.000000E+00,0.000000E+00,1.000000E+01,1.646225E+01,2.636582E+01,3.858667E+01,2.065007E+03,0.000000E+00,5.878483E-02,0.000000E+00,0.000000E+00,0.000000E+00,0.000000E+00,0.000000E+00,0.000000E+00,0.000000E+00,0.000000E+00,0.000000E+00,1.555082E+01,5.251240E+01,2.578328E+01,3.994247E+01,1.427450E+03,4.438194E+02,4.826704E-02,3.909775E-02,0.000000E+00,0.000000E+00,0.000000E+00,0.000000E+00,0.000000E+00,0.000000E+00,0.000000E+00,0.000000E+00,2.099757E+01,4.973190E+01,2.389982E+01,4.610144E+01
13:00:00,2.429723E+03,0.000000E+00,7.942518E-02,0.000000E+00,0.000000E+00,0.000000E+00,0.000000E+00,0.000000E+00,0.000000E+00,0.000000E+00,0.000000E+00,0.000000E+00,1.000000E+01,1.646225E+01,2.637956E+01,3.855613E+01,2.064258E+03,0.000000E+00,5.876353E-02,0.000000E+00,0.000000E+00,0.000000E+00,0.000000E+00,0.000000E+00,0.000000E+00,0.000000E+00,0.000000E+00,0.000000E+00,1.555082E+01,5.250699E+01,2.582069E+01,3.985477E+01,1.426730E+03,4.496184E+02,4.824265E-02,3.960853E-02,0.000000E+00,0.000000E+00,0.000000E+00,0.000000E+00,0.000000E+00,0.000000E+00,0.000000E+00,0.000000E+00,2.099755E+01,4.973202E+01,2.389983E+01,4.609744E+01
13:10:00,2.403741E+03,0.000000E+00,7.857583E-02,0.000000E+00,0.000000E+00,0.000000E+00,0.000000E+00,0.000000E+00,0.000000E+00,0.000000E+00,0.000000E+00,0.000000E+00,1.000000E+01,1.646225E+01,2.640256E+01,3.850457E+01,2.063524E+03,0.000000E+00,5.874263E-02,0.000000E+00,0.000000E+00,0.000000E+00,0.000000E+00,0.000000E+00,0.000000E+00,0.000000E+00,0.000000E+00,0.000000E+00,1.555082E+01,5.250187E+01,2.585694E+01,3.977001E+01,1.424821E+03,4.541835E+02,4.817805E-02,4.001060E-02,0.000000E+00,0.000000E+00,0.000000E+00,0.000000E+00,0.000000E+00,0.000000E+00,0.000000E+00,0.000000E+00,2.099755E+01,4.973197E+01,2.389984E+01,4.609721E+01
13:20:00,2.377771E+03,0.000000E+00,7.772692E-02,0.000000E+00,0.000000E+00,0.000000E+00,0.000000E+00,0.000000E+00,0.000000E+00,0.000000E+00,0.000000E+00,0.000000E+00,1.000000E+01,1.646225E+01,2.653994E+01,3.819468E+01,2.062812E+03,0.000000E+00,5.872235E-02,0.000000E+00,0.000000E+00,0.000000E+00,0.000000E+00,0.000000E+00,0.000000E+00,0.000000E+00,0.000000E+00,0.000000E+00,1.555082E+01,5.249693E+01,2.589085E+01,3.969094E+01,1.422912E+03,4.571728E+02,4.811344E-02,4.027385E-02,0.000000E+00,0.000000E+00,0.000000E+00,0.000000E+00,0.000000E+00,0.000000E+00,0.000000E+00,0.000000E+00,2.099756E+01,4.978232E+01,2.389984E+01,4.615865E+01
13:30:00,2.351818E+03,0.000000E+00,7.687852E-02,0.000000E+00,0.000000E+00,0.000000E+00,0.000000E+00,0.000000E+00,0.000000E+00,0.000000E+00,0.000000E+00,0.000000E+00,1.000000E+01,1.646225E+01,2.669991E+01,3.783722E+01,2.062124E+03,0.000000E+00,5.870277E-02,0.000000E+00,0.000000E+00,0.000000E+00,0.000000E+00,0.000000E+00,0.000000E+00,0.000000E+00,0.000000E+00,0.000000E+00,1.555082E+01,5.249211E+01,2.592224E+01,3.961790E+01,1.421029E+03,4.596158E+02,4.804979E-02,4.048903E-02,0.000000E+00,0.000000E+00,0.000000E+00,0.000000E+00,0.000000E+00,0.000000E+00,0.000000E+00,0.000000E+00,2.099762E+01,4.983159E+01,2.389980E+01,4.622312E+01
13:40:00,2.325875E+03,0.000000E+00,7.603049E-02,0.000000E+00,0.000000E+00,0.000000E+00,0.000000E+00,0.000000E+00,0.000000E+00,0.000000E+00,0.000000E+00,0.000000E+00,1.000000E+01,1.646225E+01,2.681604E+01,3.758026E+01,2.061456E+03,0.000000E+00,5.868374E-02,0.000000E+00,0.000000E+00,0.000000E+00,0.000000E+00,0.000000E+00,0.000000E+00,0.000000E+00,0.000000E+00,0.000000E+00,1.555082E+01,5.248743E+01,2.595179E+01,3.954931E+01,1.419174E+03,4.624265E+02,4.798706E-02,4.073665E-02,0.000000E+00,0.000000E+00,0.000000E+00,0.000000E+00,0.000000E+00,0.000000E+00,0.000000E+00,0.000000E+00,2.099769E+01,4.985496E+01,2.389976E+01,4.625723E+01
13:50:00,2.299935E+03,0.000000E+00,7.518255E-02,0.000000E+00,0.000000E+00,0.000000E+00,0.000000E+00,0.000000E+00,0.000000E+00,0.000000E+00,0.000000E+00,0.000000E+00,1.000000E+01,1.646225E+01,2.688208E+01,3.743526E+01,2.060795E+03,0.000000E+00,5.866494E-02,0.000000E+00,0.000000E+00,0.000000E+00,0.000000E+00,0.000000E+00,0.000000E+00,0.000000E+00,0.000000E+00,0.000000E+00,1.555082E+01,5.248290E+01,2.598054E+01,3.948270E+01,1.417335E+03,4.663835E+02,4.792493E-02,4.108530E-02,0.000000E+00,0.000000E+00,0.000000E+00,0.000000E+00,0.000000E+00,0.000000E+00,0.000000E+00,0.000000E+00,2.099773E+01,4.985876E+01,2.389973E+01,4.626392E+01
14:00:00,2.273999E+03,0.000000E+00,7.433471E-02,0.000000E+00,0.000000E+00,0.000000E+00,0.000000E+00,0.000000E+00,0.000000E+00,0.000000E+00,0.000000E+00,0.000000E+00,1.000000E+01,1.646225E+01,2.691895E+01,3.735485E+01,2.060144E+03,0.000000E+00,5.864640E-02,0.000000E+00,0.000000E+00,0.000000E+00,0.000000E+00,0.000000E+00,0.000000E+00,0.000000E+00,0.000000E+00,0.000000E+00,1.555082E+01,5.247850E+01,2.600932E+01,3.941612E+01,1.415515E+03,4.718667E+02,4.786344E-02,4.156840E-02,0.000000E+00,0.000000E+00,0.000000E+00,0.000000E+00,0.000000E+00,0.000000E+00,0.000000E+00,0.000000E+00,2.099774E+01,4.985585E+01,2.389972E+01,4.625776E+01
14:10:00,2.273516E+03,0.000000E+00,7.431891E-02,0.000000E+00,0.000000E+00,0.000000E+00,0.000000E+00,0.000000E+00,0.000000E+00,0.000000E+00,0.000000E+00,0.000000E+00,1.000000E+01,1.646225E+01,2.694571E+01,3.729674E+01,2.059511E+03,0.000000E+00,5.862838E-02,0.000000E+00,0.000000E+00,0.000000E+00,0.000000E+00,0.000000E+00,0.000000E+00,0.000000E+00,0.000000E+00,0.000000E+00,1.555082E+01,5.247421E+01,2.603855E+01,3.934859E+01,1.414340E+03,4.784428E+02,4.782378E-02,4.214779E-02,0.000000E+00,0.000000E+00,0.000000E+00,0.000000E+00,0.000000E+00,0.000000E+00,0.000000E+00,0.000000E+00,2.099774E+01,4.985317E+01,2.389972E+01,4.624924E+01
14:20:00,2.273043E+03,0.000000E+00,7.430345E-02,0.000000E+00,0.000000E+00,0.000000E+00,0.000000E+00,0.000000E+00,0.000000E+00,0.000000E+00,0.000000E+00,0.000000E+00,1.000000E+01,1.646225E+01,2.696970E+01,3.724477E+01,2.058895E+03,0.000000E+00,5.861085E-02,0.000000E+00,0.000000E+00,0.000000E+00,0.000000E+00,0.000000E+00,0.000000E+00,0.000000E+00,0.000000E+00,0.000000E+00,1.555082E+01,5.247000E+01,2.606633E+01,3.928452E+01,1.413217E+03,4.858993E+02,4.778585E-02,4.280473E-02,0.000000E+00,0.000000E+00,0.000000E+00,0.000000E+00,0.000000E+00,0.000000E+00,0.000000E+00,0.000000E+00,2.099774E+01,4.985189E+01,2.389972E+01,4.624231E+01
14:30:00,2.272574E+03,0.000000E+00,7.428813E-02,0.000000E+00,0.000000E+00,0.000000E+00,0.000000E+00,0.000000E+00,0.000000E+00,0.000000E+00,0.000000E+00,0.000000E+00,1.000000E+01,1.646225E+01,2.699197E+01,3.719660E+01,2.058288E+03,0.000000E+00,5.859358E-02,0.000000E+00,0.000000E+00,0.000000E+00,0.000000E+00,0.000000E+00,0.000000E+00,0.000000E+00,0.000000E+00,0.000000E+00,1.555082E+01,5.246589E+01,2.609187E+01,3.922573E+01,1.412125E+03,4.932241E+02,4.774894E-02,4.345005E-02,0.000000E+00,0.000000E+00,0.000000E+00,0.000000E+00,0.000000E+00,0.000000E+00,0.000000E+00,0.000000E+00,2.099774E+01,4.985117E+01,2.389972E+01,4.623729E+01
14:40:00,2.272110E+03,0.000000E+00,7.427297E-02,0.000000E+00,0.000000E+00,0.000000E+00,0.000000E+00,0.000000E+00,0.000000E+00,0.000000E+00,0.000000E+00,0.000000E+00,1.000000E+01,1.646225E+01,2.701194E+01,3.715350E+01,2.057692E+03,0.000000E+00,5.857660E-02,0.000000E+00,0.000000E+00,0.000000E+00,0.000000E+00,0.000000E+00,0.000000E+00,0.000000E+00,0.000000E+00,0.000000E+00,1.555082E+01,5.246186E+01,2.611513E+01,3.917228E+01,1.411060E+03,4.996320E+02,4.771296E-02,4.401458E-02,0.000000E+00,0.000000E+00,0.000000E+00,0.000000E+00,0.000000E+00,0.000000E+00,0.000000E+00,0.000000E+00,2.099774E+01,4.985034E+01,2.389972E+01,4.623358E+01
14:50:00,2.271653E+03,0.000000E+00,7.425801E-02,0.000000E+00,0.000000E+00,0.000000E+00,0.000000E+00,0.000000E+00,0.000000E+00,0.000000E+00,0.000000E+00,0.000000E+00,1.000000E+01,1.646225E+01,2.702927E+01,3.711617E+01,2.057107E+03,0.000000E+00,5.855994E-02,0.000000E+00,0.000000E+00,0.000000E+00,0.000000E+00,0.000000E+00,0.000000E+00,0.000000E+00,0.000000E+00,0.000000E+00,1.555082E+01,5.245790E+01,2.613668E+01,3.912279E+01,1.410023E+03,5.046495E+02,4.767789E-02,4.445659E-02,0.000000E+00,0.000000E+00,0.000000E+00,0.000000E+00,0.000000E+00,0.000000E+00,0.000000E+00,0.000000E+00,2.099774E+01,4.984928E+01,2.389972E+01,4.623087E+01
15:00:00,2.271201E+03,0.000000E+00,7.424324E-02,0.000000E+00,0.000000E+00,0.000000E+00,0.000000E+00,0.000000E+00,0.000000E+00,0.000000E+00,0.000000E+00,0.000000E+00,1.000000E+01,1.646225E+01,2.704408E+01,3.708433E+01,2.056533E+03,0.000000E+00,5.854359E-02,0.000000E+00,0.000000E+00,0.000000E+00,0.000000E+00,0.000000E+00,0.000000E+00,0.000000E+00,0.000000E+00,0.000000E+00,1.555082E+01,5.245403E+01,2.615673E+01,3.907683E+01,1.409012E+03,5.081255E+02,4.764370E-02,4.476280E-02,0.000000E+00,0.000000E+00,0.000000E+00,0.000000E+00,0.000000E+00,0.000000E+00,0.000000E+00,0.000000E+00,2.099774E+01,4.984814E+01,2.389973E+01,4.622912E+01
15:10:00,2.270755E+03,0.000000E+00,7.422865E-02,0.000000E+00,0.000000E+00,0.000000E+00,0.000000E+00,0.000000E+00,0.000000E+00,0.000000E+00,0.000000E+00,0.000000E+00,1.000000E+01,1.646225E+01,2.705665E+01,3.705739E+01,2.055969E+03,0.000000E+00,5.852756E-02,0.000000E+00,0.000000E+00,0.000000E+00,0.000000E+00,0.000000E+00,0.000000E+00,0.000000E+00,0.000000E+00,0.000000E+00,1.555082E+01,5.245023E+01,2.617503E+01,3.903495E+01,1.408025E+03,5.100556E+02,4.761033E-02,4.493282E-02,0.000000E+00,0.000000E+00,0.000000E+00,0.000000E+00,0.000000E+00,0.000000E+00,0.000000E+00,0.000000E+00,2.099774E+01,4.984700E+01,2.389973E+01,4.622836E+01
15:20:00,2.270314E+03,0.000000E+00,7.421425E-02,0.000000E+00,0.000000E+00,0.000000E+00,0.000000E+00,0.000000E+00,0.000000E+00,0.000000E+00,0.000000E+00,0.000000E+00,1.000000E+01,1.646225E+01,2.706551E+01,3.703849E+01,2.055416E+03,0.000000E+00,5.851182E-02,0.000000E+00,0.000000E+00,0.000000E+00,0.000000E+00,0.000000E+00,0.000000E+00,0.000000E+00,0.000000E+00,0.000000E+00,1.555082E+01,5.244650E+01,2.618914E+01,3.900269E+01,1.407062E+03,5.104865E+02,4.757776E-02,4.497077E-02,0.000000E+00,0.000000E+00,0.000000E+00,0.000000E+00,0.000000E+00,0.000000E+00,0.000000E+00,0.000000E+00,2.099774E+01,4.984592E+01,2.389973E+01,4.622868E+01
15:30:00,2.269879E+03,0.000000E+00,7.420003E-02,0.000000E+00,0.000000E+00,0.000000E+00,0.000000E+00,0.000000E+00,0.000000E+00,0.000000E+00,0.000000E+00,0.000000E+00,1.000000E+01,1.646225E+01,2.707037E+01,3.702824E+01,2.054874E+03,0.000000E+00,5.849638E-02,0.000000E+00,0.000000E+00,0.000000E+00,0.000000E+00,0.000000E+00,0.000000E+00,0.000000E+00,0.000000E+00,0.000000E+00,1.555082E+01,5.244284E+01,2.619882E+01,3.898063E+01,1.406121E+03,5.094698E+02,4.754595E-02,4.488121E-02,0.000000E+00,0.000000E+00,0.000000E+00,0.000000E+00,0.000000E+00,0.000000E+00,0.000000E+00,0.000000E+00,2.099774E+01,4.984487E+01,2.389973E+01,4.623005E+01
15:40:00,2.269449E+03,0.000000E+00,7.418597E-02,0.000000E+00,0.000000E+00,0.000000E+00,0.000000E+00,0.000000E+00,0.000000E+00,0.000000E+00,0.000000E+00,0.000000E+00,1.000000E+01,1.646225E+01,2.707184E+01,3.702531E+01,2.054341E+03,0.000000E+00,5.848121E-02,0.000000E+00,0.000000E+00,0.000000E+00,0.000000E+00,0.000000E+00,0.000000E+00,0.000000E+00,0.000000E+00,0.000000E+00,1.555082E+01,5.243925E+01,2.620514E+01,3.896626E+01,1.405202E+03,5.070728E+02,4.751486E-02,4.467004E-02,0.000000E+00,0.000000E+00,0.000000E+00,0.000000E+00,0.000000E+00,0.000000E+00,0.000000E+00,0.000000E+00,2.099774E+01,4.984384E+01,2.389973E+01,4.623243E+01
15:50:00,2.269024E+03,0.000000E+00,7.417209E-02,0.000000E+00,0.000000E+00,0.000000E+00,0.000000E+00,0.000000E+00,0.000000E+00,0.000000E+00,0.000000E+00,0.000000E+00,1.000000E+01,1.646225E+01,2.707060E+01,3.702824E+01,2.053818E+03,0.000000E+00,5.846632E-02,0.000000E+00,0.000000E+00,0.000000E+00,0.000000E+00,0.000000E+00,0.000000E+00,0.000000E+00,0.000000E+00,0.000000E+00,1.555082E+01,5.243572E+01,2.620889E+01,3.895775E+01,1.404303E+03,5.034248E+02,4.748448E-02,4.434867E-02,0.000000E+00,0.000000E+00,0.000000E+00,0.000000E+00,0.000000E+00,0.000000E+00,0.000000E+00,0.000000E+00,2.099773E+01,4.984284E+01,2.389973E+01,4.623573E+01
16:00:00,2.268604E+03,0.000000E+00,7.415836E-02,0.000000E+00,0.000000E+00,0.000000E+00,0.000000E+00,0.000000E+00,0.000000E+00,0.000000E+00,0.000000E+00,0.000000E+00,1.000000E+01,1.646225E+01,2.706704E+01,3.703615E+01,2.053304E+03,0.000000E+00,5.845170E-02,0.000000E+00,0.000000E+00,0.000000E+00,0.000000E+00,0.000000E+00,0.000000E+00,0.000000E+00,0.000000E+00,0.000000E+00,1.555082E+01,5.243226E+01,2.621029E+01,3.895458E+01,1.403425E+03,4.985312E+02,4.745478E-02,4.391756E-02,0.000000E+00,0.000000E+00,0.000000E+00,0.000000E+00,0.000000E+00,0.000000E+00,0.000000E+00,0.000000E+00,2.099773E+01,4.984185E+01,2.389973E+01,4.623982E+01
16:10:00,2.268189E+03,0.000000E+00,7.414479E-02,0.000000E+00,0.000000E+00,0.000000E+00,0.000000E+00,0.000000E+00,0.000000E+00,0.000000E+00,0.000000E+00,0.000000E+00,1.000000E+01,1.646225E+01,2.706137E+01,3.704864E+01,2.052800E+03,0.000000E+00,5.843733E-02,0.000000E+00,0.000000E+00,0.000000E+00,0.000000E+00,0.000000E+00,0.000000E+00,0.000000E+00,0.000000E+00,0.000000E+00,1.555082E+01,5.242886E+01,2.620935E+01,3.895678E+01,1.402566E+03,4.924846E+02,4.742573E-02,4.338489E-02,0.000000E+00,0.000000E+00,0.000000E+00,0.000000E+00,0.000000E+00,0.000000E+00,0.000000E+00,0.000000E+00,2.099773E+01,4.984088E+01,2.389973E+01,4.624479E+01
16:20:00,2.267779E+03,0.000000E+00,7.413138E-02,0.000000E+00,0.000000E+00,0.000000E+00,0.000000E+00,0.000000E+00,0.000000E+00,0.000000E+00,0.000000E+00,0.000000E+00,1.000000E+01,1.646225E+01,2.705313E+01,3.706670E+01,2.052304E+03,0.000000E+00,5.842322E-02,0.000000E+00,0.000000E+00,0.000000E+00,0.000000E+00,0.000000E+00,0.000000E+00,0.000000E+00,0.000000E+00,0.000000E+00,1.555082E+01,5.242551E+01,2.620540E+01,3.896586E+01,1.401726E+03,4.853495E+02,4.739732E-02,4.275633E-02,0.000000E+00,0.000000E+00,0.000000E+00,0.000000E+00,0.000000E+00,0.000000E+00,0.000000E+00,0.000000E+00,2.099773E+01,4.983994E+01,2.389974E+01,4.625076E+01
16:30:00,2.267373E+03,0.000000E+00,7.411811E-02,0.000000E+00,0.000000E+00,0.000000E+00,0.000000E+00,0.000000E+00,0.000000E+00,0.000000E+00,0.000000E+00,0.000000E+00,1.000000E+01,1.646225E+01,2.704222E+01,3.709051E+01,2.051817E+03,0.000000E+00,5.840935E-02,0.000000E+00,0.000000E+00,0.000000E+00,0.000000E+00,0.000000E+00,0.000000E+00,0.000000E+00,0.000000E+00,0.000000E+00,1.555082E+01,5.242223E+01,2.619848E+01,3.898174E+01,1.400904E+03,4.771983E+02,4.736952E-02,4.203825E-02,0.000000E+00,0.000000E+00,0.000000E+00,0.000000E+00,0.000000E+00,0.000000E+00,0.000000E+00,0.000000E+00,2.099773E+01,4.983901E+01,2.389974E+01,4.625775E+01
16:40:00,2.266972E+03,0.000000E+00,7.410499E-02,0.000000E+00,0.000000E+00,0.000000E+00,0.000000E+00,0.000000E+00,0.000000E+00,0.000000E+00,0.000000E+00,0.000000E+00,1.000000E+01,1.646225E+01,2.702891E+01,3.711956E+01,2.051338E+03,0.000000E+00,5.839572E-02,0.000000E+00,0.000000E+00,0.000000E+00,0.000000E+00,0.000000E+00,0.000000E+00,0.000000E+00,0.000000E+00,0.000000E+00,1.555082E+01,5.241900E+01,2.618907E+01,3.900333E+01,1.400099E+03,4.681000E+02,4.734231E-02,4.123675E-02,0.000000E+00,0.000000E+00,0.000000E+00,0.000000E+00,0.000000E+00,0.000000E+00,0.000000E+00,0.000000E+00,2.099773E+01,4.983810E+01,2.389974E+01,4.626577E+01
16:50:00,2.266575E+03,0.000000E+00,7.409201E-02,0.000000E+00,0.000000E+00,0.000000E+00,0.000000E+00,0.000000E+00,0.000000E+00,0.000000E+00,0.000000E+00,0.000000E+00,1.000000E+01,1.646225E+01,2.701348E+01,3.715321E+01,2.050867E+03,0.000000E+00,5.838232E-02,0.000000E+00,0.000000E+00,0.000000E+00,0.000000E+00,0.000000E+00,0.000000E+00,0.000000E+00,0.000000E+00,0.000000E+00,1.555082E+01,5.241582E+01,2.617756E+01,3.902973E+01,1.399312E+03,4.580593E+02,4.731569E-02,4.035222E-02,0.000000E+00,0.000000E+00,0.000000E+00,0.000000E+00,0.000000E+00,0.000000E+00,0.000000E+00,0.000000E+00,2.099773E+01,4.983721E+01,2.389974E+01,4.627481E+01
17:00:00,2.266182E+03,0.000000E+00,7.407918E-02,0.000000E+00,0.000000E+00,0.000000E+00,0.000000E+00,0.000000E+00,0.000000E+00,0.000000E+00,0.000000E+00,0.000000E+00,1.000000E+01,1.646225E+01,2.699617E+01,3.719096E+01,2.050404E+03,0.000000E+00,5.836914E-02,0.000000E+00,0.000000E+00,0.000000E+00,0.000000E+00,0.000000E+00,0.000000E+00,0.000000E+00,0.000000E+00,0.000000E+00,1.555082E+01,5.241270E+01,2.616387E+01,3.906114E+01,1.398541E+03,4.472145E+02,4.728962E-02,3.939686E-02,0.000000E+00,0.000000E+00,0.000000E+00,0.000000E+00,0.000000E+00,0.000000E+00,0.000000E+00,0.000000E+00,2.099773E+01,4.983634E+01,2.389974E+01,4.628490E+01
17:10:00,2.291236E+03,0.000000E+00,7.489818E-02,0.000000E+00,0.000000E+00,0.000000E+00,0.000000E+00,0.000000E+00,0.000000E+00,0.000000E+00,0.000000E+00,0.000000E+00,1.000000E+01,1.646225E+01,2.697714E+01,3.723251E+01,2.049950E+03,0.000000E+00,5.835620E-02,0.000000E+00,0.000000E+00,0.000000E+00,0.000000E+00,0.000000E+00,0.000000E+00,0.000000E+00,0.000000E+00,0.000000E+00,1.555082E+01,5.240964E+01,2.614796E+01,3.909769E+01,1.398675E+03,4.349319E+02,4.729417E-02,3.831483E-02,0.000000E+00,0.000000E+00,0.000000E+00,0.000000E+00,0.000000E+00,0.000000E+00,0.000000E+00,0.000000E+00,2.099773E+01,4.983548E+01,2.389974E+01,4.629606E+01
17:20:00,2.316298E+03,0.000000E+00,7.571741E-02,0.000000E+00,0.000000E+00,0.000000E+00,0.000000E+00,0.000000E+00,0.000000E+00,0.000000E+00,0.000000E+00,0.000000E+00,1.000000E+01,1.646225E+01,2.684190E+01,3.752945E+01,2.049506E+03,0.000000E+00,5.834357E-02,0.000000E+00,0.000000E+00,0.000000E+00,0.000000E+00,0.000000E+00,0.000000E+00,0.000000E+00,0.000000E+00,0.000000E+00,1.555082E+01,5.240662E+01,2.612922E+01,3.914076E+01,1.398861E+03,4.220302E+02,4.730045E-02,3.717827E-02,0.000000E+00,0.000000E+00,0.000000E+00,0.000000E+00,0.000000E+00,0.000000E+00,0.000000E+00,0.000000E+00,2.099773E+01,4.975920E+01,2.389974E+01,4.621642E+01
17:30:00,2.341367E+03,0.000000E+00,7.653692E-02,0.000000E+00,0.000000E+00,0.000000E+00,0.000000E+00,0.000000E+00,0.000000E+00,0.000000E+00,0.000000E+00,0.000000E+00,1.000000E+01,1.646225E+01,2.667504E+01,3.789952E+01,2.049074E+03,0.000000E+00,5.833127E-02,0.000000E+00,0.000000E+00,0.000000E+00,0.000000E+00,0.000000E+00,0.000000E+00,0.000000E+00,0.000000E+00,0.000000E+00,1.555082E+01,5.240367E+01,2.610776E+01,3.919017E+01,1.399082E+03,4.086136E+02,4.730791E-02,3.599633E-02,0.000000E+00,0.000000E+00,0.000000E+00,0.000000E+00,0.000000E+00,0.000000E+00,0.000000E+00,0.000000E+00,2.099764E+01,4.968343E+01,2.389979E+01,4.612634E+01
17:40:00,2.366446E+03,0.000000E+00,7.735670E-02,0.000000E+00,0.000000E+00,0.000000E+00,0.000000E+00,0.000000E+00,0.000000E+00,0.000000E+00,0.000000E+00,0.000000E+00,1.000000E+01,1.646225E+01,2.654121E+01,3.819926E+01,2.048654E+03,0.000000E+00,5.831931E-02,0.000000E+00,0.000000E+00,0.000000E+00,0.000000E+00,0.000000E+00,0.000000E+00,0.000000E+00,0.000000E+00,0.000000E+00,1.555082E+01,5.240081E+01,2.608399E+01,3.924498E+01,1.399334E+03,3.947793E+02,4.731635E-02,3.477756E-02,0.000000E+00,0.000000E+00,0.000000E+00,0.000000E+00,0.000000E+00,0.000000E+00,0.000000E+00,0.000000E+00,2.099754E+01,4.964554E+01,2.389984E+01,4.607403E+01
17:50:00,2.391532E+03,0.000000E+00,7.817674E-02,0.000000E+00,0.000000E+00,0.000000E+00,0.000000E+00,0.000000E+00,0.000000E+00,0.000000E+00,0.000000E+00,0.000000E+00,1.000000E+01,1.646225E+01,2.645141E+01,3.840178E+01,2.048245E+03,0.000000E+00,5.830767E-02,0.000000E+00,0.000000E+00,0.000000E+00,0.000000E+00,0.000000E+00,0.000000E+00,0.000000E+00,0.000000E+00,0.000000E+00,1.555082E+01,5.239803E+01,2.605836E+01,3.930418E+01,1.399611E+03,3.806443E+02,4.732565E-02,3.353229E-02,0.000000E+00,0.000000E+00,0.000000E+00,0.000000E+00,0.000000E+00,0.000000E+00,0.000000E+00,0.000000E+00,2.099748E+01,4.963678E+01,2.389988E+01,4.605810E+01
18:00:00,2.416625E+03,0.000000E+00,7.899702E-02,0.000000E+00,0.000000E+00,0.000000E+00,0.000000E+00,0.000000E+00,0.000000E+00,0.000000E+00,0.000000E+00,0.000000E+00,1.000000E+01,1.646225E+01,2.639012E+01,3.854062E+01,2.047847E+03,0.000000E+00,5.829634E-02,0.000000E+00,0.000000E+00,0.000000E+00,0.000000E+00,0.000000E+00,0.000000E+00,0.000000E+00,0.000000E+00,0.000000E+00,1.555082E+01,5.239533E+01,2.603114E+01,3.936713E+01,1.399912E+03,3.663499E+02,4.733575E-02,3.227297E-02,0.000000E+00,0.000000E+00,0.000000E+00,0.000000E+00,0.000000E+00,0.000000E+00,0.000000E+00,0.000000E+00,2.099746E+01,4.963825E+01,2.389989E+01,4.606064E+01
18:10:00,2.416283E+03,0.000000E+00,7.898584E-02,0.000000E+00,0.000000E+00,0.000000E+00,0.000000E+00,0.000000E+00,0.000000E+00,0.000000E+00,0.000000E+00,0.000000E+00,1.000000E+01,1.646225E+01,2.632359E+01,3.869189E+01,2.048345E+03,0.000000E+00,5.831245E-02,0.000000E+00,0.000000E+00,0.000000E+00,0.000000E+00,0.000000E+00,0.000000E+00,0.000000E+00,0.000000E+00,0.000000E+00,1.555762E+01,5.237523E+01,2.598859E+01,3.946581E+01,1.190118E+03,2.996036E+02,4.011592E-02,2.639303E-02,0.000000E+00,0.000000E+00,0.000000E+00,0.000000E+00,0.000000E+00,0.000000E+00,0.000000E+00,0.000000E+00,1.685060E+01,6.327279E+01,2.503425E+01,4.305462E+01
18:20:00,2.416582E+03,0.000000E+00,7.899560E-02,0.000000E+00,0.000000E+00,0.000000E+00,0.000000E+00,0.000000E+00,0.000000E+00,0.000000E+00,0.000000E+00,0.000000E+00,1.000000E+01,1.646225E+01,2.629543E+01,3.875612E+01,2.048880E+03,0.000000E+00,5.832927E-02,0.000000E+00,0.000000E+00,0.000000E+00,0.000000E+00,0.000000E+00,0.000000E+00,0.000000E+00,0.000000E+00,0.000000E+00,1.555648E+01,5.238018E+01,2.596647E+01,3.951729E+01,9.924097E+02,2.351037E+02,3.324753E-02,2.071099E-02,0.000000E+00,0.000000E+00,0.000000E+00,0.000000E+00,0.000000E+00,0.000000E+00,0.000000E+00,0.000000E+00,1.595134E+01,6.635396E+01,2.574677E+01,4.128272E+01
18:30:00,2.419272E+03,0.000000E+00,7.908353E-02,0.000000E+00,0.000000E+00,0.000000E+00,0.000000E+00,0.000000E+00,0.000000E+00,0.000000E+00,0.000000E+00,0.000000E+00,1.000000E+01,1.646225E+01,2.627426E+01,3.880448E+01,2.051285E+03,0.000000E+00,5.839907E-02,0.000000E+00,0.000000E+00,0.000000E+00,0.000000E+00,0.000000E+00,0.000000E+00,0.000000E+00,0.000000E+00,0.000000E+00,1.555549E+01,5.238711E+01,2.594985E+01,3.955602E+01,8.136472E+02,1.728852E+02,2.691320E-02,1.522994E-02,0.000000E+00,0.000000E+00,0.000000E+00,0.000000E+00,0.000000E+00,0.000000E+00,0.000000E+00,0.000000E+00,1.559953E+01,6.665404E+01,2.628258E+01,4.001279E+01
18:40:00,2.424982E+03,0.000000E+00,7.927021E-02,0.000000E+00,0.000000E+00,0.000000E+00,0.000000E+00,0.000000E+00,0.000000E+00,0.000000E+00,0.000000E+00,0.000000E+00,1.000000E+01,1.646225E+01,2.623280E+01,3.889935E+01,2.057138E+03,0.000000E+00,5.856573E-02,0.000000E+00,0.000000E+00,0.000000E+00,0.000000E+00,0.000000E+00,0.000000E+00,0.000000E+00,0.000000E+00,0.000000E+00,1.555106E+01,5.241377E+01,2.591841E+01,3.962937E+01,6.507538E+02,1.129744E+02,2.103173E-02,9.952218E-03,0.000000E+00,0.000000E+00,0.000000E+00,0.000000E+00,0.000000E+00,0.000000E+00,0.000000E+00,0.000000E+00,1.559829E+01,6.613155E+01,2.623936E+01,4.012589E+01
18:50:00,2.433505E+03,0.000000E+00,7.954880E-02,0.000000E+00,0.000000E+00,0.000000E+00,0.000000E+00,0.000000E+00,0.000000E+00,0.000000E+00,0.000000E+00,0.000000E+00,1.000000E+01,1.646225E+01,2.619739E+01,3.898057E+01,2.065988E+03,0.000000E+00,5.881764E-02,0.000000E+00,0.000000E+00,0.000000E+00,0.000000E+00,0.000000E+00,0.000000E+00,0.000000E+00,0.000000E+00,0.000000E+00,1.555073E+01,5.245464E+01,2.589332E+01,3.968794E+01,4.949493E+02,5.536259E+01,1.535284E-02,4.877036E-03,0.000000E+00,0.000000E+00,0.000000E+00,0.000000E+00,0.000000E+00,0.000000E+00,0.000000E+00,0.000000E+00,1.559767E+01,6.510898E+01,2.641174E+01,3.974724E+01
19:00:00,2.444464E+03,0.000000E+00,7.990705E-02,0.000000E+00,0.000000E+00,0.000000E+00,0.000000E+00,0.000000E+00,0.000000E+00,0.000000E+00,0.000000E+00,0.000000E+00,1.000000E+01,1.646225E+01,2.613552E+01,3.912287E+01,2.077800E+03,0.000000E+00,5.915384E-02,0.000000E+00,0.000000E+00,0.000000E+00,0.000000E+00,0.000000E+00,0.000000E+00,0.000000E+00,0.000000E+00,0.000000E+00,1.555068E+01,5.251827E+01,2.585225E+01,3.978393E+01,3.450546E+02,0.000000E+00,9.842899E-03,0.000000E+00,0.000000E+00,0.000000E+00,0.000000E+00,0.000000E+00,0.000000E+00,0.000000E+00,0.000000E+00,0.000000E+00,1.559710E+01,6.447204E+01,2.644810E+01,3.969059E+01
19:10:00,2.457483E+03,0.000000E+00,8.033263E-02,0.000000E+00,0.000000E+00,0.000000E+00,0.000000E+00,0.000000E+00,0.000000E+00,0.000000E+00,0.000000E+00,0.000000E+00,1.000000E+01,1.646225E+01,2.607707E+01,3.925780E+01,2.091300E+03,0.000000E+00,5.953620E-02,0.000000E+00,0.000000E+00,0.000000E+00,0.000000E+00,0.000000E+00,0.000000E+00,0.000000E+00,0.000000E+00,0.000000E+00,1.555065E+01,5.259823E+01,2.581539E+01,3.987018E+01,4.090661E+02,0.000000E+00,1.166741E-02,0.000000E+00,0.000000E+00,0.000000E+00,0.000000E+00,0.000000E+00,0.000000E+00,0.000000E+00,0.000000E+00,0.000000E+00,1.559666E+01,6.420398E+01,2.643580E+01,3.974691E+01
19:20:00,2.471585E+03,0.000000E+00,8.079358E-02,0.000000E+00,0.000000E+00,0.000000E+00,0.000000E+00,0.000000E+00,0.000000E+00,0.000000E+00,0.000000E+00,0.000000E+00,1.000000E+01,1.646225E+01,2.602628E+01,3.937534E+01,2.107006E+03,0.000000E+00,5.998164E-02,0.000000E+00,0.000000E+00,0.000000E+00,0.000000E+00,0.000000E+00,0.000000E+00,0.000000E+00,0.000000E+00,0.000000E+00,1.555064E+01,5.268585E+01,2.578397E+01,3.994373E+01,4.648783E+02,0.000000E+00,1.325169E-02,0.000000E+00,0.000000E+00,0.000000E+00,0.000000E+00,0.000000E+00,0.000000E+00,0.000000E+00,0.000000E+00,0.000000E+00,1.559640E+01,6.418496E+01,2.643146E+01,3.978319E+01
19:30:00,2.484715E+03,0.000000E+00,8.122281E-02,0.000000E+00,0.000000E+00,0.000000E+00,0.000000E+00,0.000000E+00,0.000000E+00,0.000000E+00,0.000000E+00,0.000000E+00,1.000000E+01,1.646225E+01,2.598034E+01,3.948196E+01,2.122773E+03,0.000000E+00,6.042910E-02,0.000000E+00,0.000000E+00,0.000000E+00,0.000000E+00,0.000000E+00,0.000000E+00,0.000000E+00,0.000000E+00,0.000000E+00,1.555064E+01,5.277415E+01,2.575625E+01,4.000866E+01,5.050073E+02,0.000000E+00,1.439541E-02,0.000000E+00,0.000000E+00,0.000000E+00,0.000000E+00,0.000000E+00,0.000000E+00,0.000000E+00,0.000000E+00,0.000000E+00,1.559627E+01,6.429849E+01,2.643449E+01,3.980087E+01
19:40:00,2.495972E+03,0.000000E+00,8.159078E-02,0.000000E+00,0.000000E+00,0.000000E+00,0.000000E+00,0.000000E+00,0.000000E+00,0.000000E+00,0.000000E+00,0.000000E+00,1.000000E+01,1.646225E+01,2.593541E+01,3.958652E+01,2.136752E+03,0.000000E+00,6.082694E-02,0.000000E+00,0.000000E+00,0.000000E+00,0.000000E+00,0.000000E+00,0.000000E+00,0.000000E+00,0.000000E+00,0.000000E+00,1.555064E+01,5.285865E+01,2.572991E+01,4.007043E+01,5.320090E+02,0.000000E+00,1.516496E-02,0.000000E+00,0.000000E+00,0.000000E+00,0.000000E+00,0.000000E+00,0.000000E+00,0.000000E+00,0.000000E+00,0.000000E+00,1.559623E+01,6.446669E+01,2.643205E+01,3.983024E+01
19:50:00,2.505325E+03,0.000000E+00,8.189651E-02,0.000000E+00,0.000000E+00,0.000000E+00,0.000000E+00,0.000000E+00,0.000000E+00,0.000000E+00,0.000000E+00,0.000000E+00,1.000000E+01,1.646225E+01,2.588919E+01,3.969442E+01,2.149158E+03,0.000000E+00,6.118007E-02,0.000000E+00,0.000000E+00,0.000000E+00,0.000000E+00,0.000000E+00,0.000000E+00,0.000000E+00,0.000000E+00,0.000000E+00,1.555065E+01,5.293691E+01,2.570369E+01,4.013205E+01,5.542331E+02,0.000000E+00,1.579836E-02,0.000000E+00,0.000000E+00,0.000000E+00,0.000000E+00,0.000000E+00,0.000000E+00,0.000000E+00,0.000000E+00,0.000000E+00,1.559623E+01,6.464723E+01,2.642147E+01,3.987769E+01
20:00:00,2.513177E+03,0.000000E+00,8.215320E-02,0.000000E+00,0.000000E+00,0.000000E+00,0.000000E+00,0.000000E+00,0.000000E+00,0.000000E+00,0.000000E+00,0.000000E+00,1.000000E+01,1.646225E+01,2.584093E+01,3.980745E+01,2.159816E+03,0.000000E+00,6.148348E-02,0.000000E+00,0.000000E+00,0.000000E+00,0.000000E+00,0.000000E+00,0.000000E+00,0.000000E+00,0.000000E+00,0.000000E+00,1.555066E+01,5.300786E+01,2.567744E+01,4.019383E+01,5.725039E+02,0.000000E+00,1.631911E-02,0.000000E+00,0.000000E+00,0.000000E+00,0.000000E+00,0.000000E+00,0.000000E+00,0.000000E+00,0.000000E+00,0.000000E+00,1.559625E+01,6.482015E+01,2.640465E+01,3.993893E+01
20:10:00,2.519793E+03,0.000000E+00,8.236948E-02,0.000000E+00,0.000000E+00,0.000000E+00,0.000000E+00,0.000000E+00,0.000000E+00,0.000000E+00,0.000000E+00,0.000000E+00,1.000000E+01,1.646225E+01,2.579064E+01,3.992564E+01,2.168947E+03,0.000000E+00,6.174341E-02,0.000000E+00,0.000000E+00,0.000000E+00,0.000000E+00,0.000000E+00,0.000000E+00,0.000000E+00,0.000000E+00,0.000000E+00,1.555067E+01,5.307117E+01,2.565094E+01,4.025631E+01,5.877649E+02,0.000000E+00,1.675409E-02,0.000000E+00,0.000000E+00,0.000000E+00,0.000000E+00,0.000000E+00,0.000000E+00,0.000000E+00,0.000000E+00,0.000000E+00,1.559629E+01,6.497713E+01,2.638014E+01,4.001746E+01
20:20:00,2.525414E+03,0.000000E+00,8.255321E-02,0.000000E+00,0.000000E+00,0.000000E+00,0.000000E+00,0.000000E+00,0.000000E+00,0.000000E+00,0.000000E+00,0.000000E+00,1.000000E+01,1.646225E+01,2.573904E+01,4.004733E+01,2.176750E+03,0.000000E+00,6.196555E-02,0.000000E+00,0.000000E+00,0.000000E+00,0.000000E+00,0.000000E+00,0.000000E+00,0.000000E+00,0.000000E+00,0.000000E+00,1.555069E+01,5.312706E+01,2.562302E+01,4.032230E+01,6.005518E+02,0.000000E+00,1.711857E-02,0.000000E+00,0.000000E+00,0.000000E+00,0.000000E+00,0.000000E+00,0.000000E+00,0.000000E+00,0.000000E+00,0.000000E+00,1.559632E+01,6.511548E+01,2.634582E+01,4.011845E+01
20:30:00,2.530249E+03,0.000000E+00,8.271127E-02,0.000000E+00,0.000000E+00,0.000000E+00,0.000000E+00,0.000000E+00,0.000000E+00,0.000000E+00,0.000000E+00,0.000000E+00,1.000000E+01,1.646225E+01,2.568690E+01,4.017072E+01,2.183412E+03,0.000000E+00,6.215521E-02,0.000000E+00,0.000000E+00,0.000000E+00,0.000000E+00,0.000000E+00,0.000000E+00,0.000000E+00,0.000000E+00,0.000000E+00,1.555070E+01,5.317604E+01,2.559342E+01,4.039246E+01,6.113025E+02,0.000000E+00,1.742503E-02,0.000000E+00,0.000000E+00,0.000000E+00,0.000000E+00,0.000000E+00,0.000000E+00,0.000000E+00,0.000000E+00,0.000000E+00,1.559636E+01,6.523514E+01,2.630125E+01,4.024318E+01
20:40:00,2.534494E+03,0.000000E+00,8.285003E-02,0.000000E+00,0.000000E+00,0.000000E+00,0.000000E+00,0.000000E+00,0.000000E+00,0.000000E+00,0.000000E+00,0.000000E+00,1.000000E+01,1.646225E+01,2.563441E+01,4.029538E+01,2.189105E+03,0.000000E+00,6.231728E-02,0.000000E+00,0.000000E+00,0.000000E+00,0.000000E+00,0.000000E+00,0.000000E+00,0.000000E+00,0.000000E+00,0.000000E+00,1.555071E+01,5.321875E+01,2.556224E+01,4.046658E+01,6.203759E+02,0.000000E+00,1.768367E-02,0.000000E+00,0.000000E+00,0.000000E+00,0.000000E+00,0.000000E+00,0.000000E+00,0.000000E+00,0.000000E+00,0.000000E+00,1.559639E+01,6.533737E+01,2.624709E+01,4.039037E+01
20:50:00,2.538318E+03,0.000000E+00,8.297504E-02,0.000000E+00,0.000000E+00,0.000000E+00,0.000000E+00,0.000000E+00,0.000000E+00,0.000000E+00,0.000000E+00,0.000000E+00,1.000000E+01,1.646225E+01,2.558135E+01,4.042185E+01,2.193979E+03,0.000000E+00,6.245607E-02,0.000000E+00,0.000000E+00,0.000000E+00,0.000000E+00,0.000000E+00,0.000000E+00,0.000000E+00,0.000000E+00,0.000000E+00,1.555071E+01,5.325586E+01,2.552947E+01,4.054467E+01,6.280681E+02,0.000000E+00,1.790296E-02,0.000000E+00,0.000000E+00,0.000000E+00,0.000000E+00,0.000000E+00,0.000000E+00,0.000000E+00,0.000000E+00,0.000000E+00,1.559642E+01,6.542404E+01,2.617486E+01,4.058061E+01
21:00:00,2.541636E+03,0.000000E+00,8.308350E-02,0.000000E+00,0.000000E+00,0.000000E+00,0.000000E+00,0.000000E+00,0.000000E+00,0.000000E+00,0.000000E+00,0.000000E+00,1.000000E+01,1.646225E+01,2.552709E+01,4.055164E+01,2.198175E+03,0.000000E+00,6.257551E-02,0.000000E+00,0.000000E+00,0.000000E+00,0.000000E+00,0.000000E+00,0.000000E+00,0.000000E+00,0.000000E+00,0.000000E+00,1.555072E+01,5.328806E+01,2.549483E+01,4.062745E+01,6.346227E+02,0.000000E+00,1.808981E-02,0.000000E+00,0.000000E+00,0.000000E+00,0.000000E+00,0.000000E+00,0.000000E+00,0.000000E+00,0.000000E+00,0.000000E+00,1.559644E+01,6.549728E+01,2.611237E+01,4.074763E+01
21:10:00,2.544511E+03,0.000000E+00,8.317749E-02,0.000000E+00,0.000000E+00,0.000000E+00,0.000000E+00,0.000000E+00,0.000000E+00,0.000000E+00,0.000000E+00,0.000000E+00,1.000000E+01,1.646225E+01,2.547189E+01,4.068417E+01,2.201798E+03,0.000000E+00,6.267869E-02,0.000000E+00,0.000000E+00,0.000000E+00,0.000000E+00,0.000000E+00,0.000000E+00,0.000000E+00,0.000000E+00,0.000000E+00,1.555073E+01,5.331599E+01,2.545843E+01,4.071469E+01,6.402343E+02,0.000000E+00,1.824978E-02,0.000000E+00,0.000000E+00,0.000000E+00,0.000000E+00,0.000000E+00,0.000000E+00,0.000000E+00,0.000000E+00,0.000000E+00,1.559646E+01,6.555919E+01,2.606547E+01,4.087694E+01
21:20:00,2.546996E+03,0.000000E+00,8.325871E-02,0.000000E+00,0.000000E+00,0.000000E+00,0.000000E+00,0.000000E+00,0.000000E+00,0.000000E+00,0.000000E+00,0.000000E+00,1.000000E+01,1.646225E+01,2.541676E+01,4.081705E+01,2.204936E+03,0.000000E+00,6.276802E-02,0.000000E+00,0.000000E+00,0.000000E+00,0.000000E+00,0.000000E+00,0.000000E+00,0.000000E+00,0.000000E+00,0.000000E+00,1.555073E+01,5.334024E+01,2.542086E+01,4.080499E+01,6.450618E+02,0.000000E+00,1.838740E-02,0.000000E+00,0.000000E+00,0.000000E+00,0.000000E+00,0.000000E+00,0.000000E+00,0.000000E+00,0.000000E+00,0.000000E+00,1.559648E+01,6.561166E+01,2.602474E+01,4.099101E+01
21:30:00,2.549150E+03,0.000000E+00,8.332910E-02,0.000000E+00,0.000000E+00,0.000000E+00,0.000000E+00,0.000000E+00,0.000000E+00,0.000000E+00,0.000000E+00,0.000000E+00,1.000000E+01,1.646225E+01,2.536266E+01,4.094789E+01,2.207669E+03,0.000000E+00,6.284583E-02,0.000000E+00,0.000000E+00,0.000000E+00,0.000000E+00,0.000000E+00,0.000000E+00,0.000000E+00,0.000000E+00,0.000000E+00,1.555074E+01,5.336130E+01,2.538309E+01,4.089602E+01,6.492440E+02,0.000000E+00,1.850663E-02,0.000000E+00,0.000000E+00,0.000000E+00,0.000000E+00,0.000000E+00,0.000000E+00,0.000000E+00,0.000000E+00,0.000000E+00,1.559650E+01,6.565631E+01,2.598460E+01,4.110332E+01
21:40:00,2.551024E+03,0.000000E+00,8.339036E-02,0.000000E+00,0.000000E+00,0.000000E+00,0.000000E+00,0.000000E+00,0.000000E+00,0.000000E+00,0.000000E+00,0.000000E+00,1.000000E+01,1.646225E+01,2.531041E+01,4.107469E+01,2.210066E+03,0.000000E+00,6.291409E-02,0.000000E+00,0.000000E+00,0.000000E+00,0.000000E+00,0.000000E+00,0.000000E+00,0.000000E+00,0.000000E+00,0.000000E+00,1.555074E+01,5.337964E+01,2.534555E+01,4.098670E+01,6.528957E+02,0.000000E+00,1.861073E-02,0.000000E+00,0.000000E+00,0.000000E+00,0.000000E+00,0.000000E+00,0.000000E+00,0.000000E+00,0.000000E+00,0.000000E+00,1.559651E+01,6.569452E+01,2.594529E+01,4.121326E+01
21:50:00,2.552663E+03,0.000000E+00,8.344395E-02,0.000000E+00,0.000000E+00,0.000000E+00,0.000000E+00,0.000000E+00,0.000000E+00,0.000000E+00,0.000000E+00,0.000000E+00,1.000000E+01,1.646225E+01,2.526061E+01,4.119593E+01,2.212184E+03,0.000000E+00,6.297437E-02,0.000000E+00,0.000000E+00,0.000000E+00,0.000000E+00,0.000000E+00,0.000000E+00,0.000000E+00,0.000000E+00,0.000000E+00,1.555075E+01,5.339570E+01,2.530834E+01,4.107682E+01,6.561102E+02,0.000000E+00,1.870237E-02,0.000000E+00,0.000000E+00,0.000000E+00,0.000000E+00,0.000000E+00,0.000000E+00,0.000000E+00,0.000000E+00,0.000000E+00,1.559652E+01,6.572752E+01,2.590801E+01,4.131795E+01
22:00:00,2.554106E+03,0.000000E+00,8.349113E-02,0.000000E+00,0.000000E+00,0.000000E+00,0.000000E+00,0.000000E+00,0.000000E+00,0.000000E+00,0.000000E+00,0.000000E+00,1.000000E+01,1.646225E+01,2.521126E+01,4.131647E+01,2.214068E+03,0.000000E+00,6.302802E-02,0.000000E+00,0.000000E+00,0.000000E+00,0.000000E+00,0.000000E+00,0.000000E+00,0.000000E+00,0.000000E+00,0.000000E+00,1.555075E+01,5.340985E+01,2.526949E+01,4.117117E+01,6.589638E+02,0.000000E+00,1.878372E-02,0.000000E+00,0.000000E+00,0.000000E+00,0.000000E+00,0.000000E+00,0.000000E+00,0.000000E+00,0.000000E+00,0.000000E+00,1.559653E+01,6.575629E+01,2.587278E+01,4.141728E+01
22:10:00,2.555386E+03,0.000000E+00,8.353296E-02,0.000000E+00,0.000000E+00,0.000000E+00,0.000000E+00,0.000000E+00,0.000000E+00,0.000000E+00,0.000000E+00,0.000000E+00,1.000000E+01,1.646225E+01,2.516333E+01,4.143389E+01,2.215758E+03,0.000000E+00,6.307613E-02,0.000000E+00,0.000000E+00,0.000000E+00,0.000000E+00,0.000000E+00,0.000000E+00,0.000000E+00,0.000000E+00,0.000000E+00,1.555075E+01,5.342240E+01,2.523006E+01,4.126723E+01,6.615187E+02,0.000000E+00,1.885655E-02,0.000000E+00,0.000000E+00,0.000000E+00,0.000000E+00,0.000000E+00,0.000000E+00,0.000000E+00,0.000000E+00,0.000000E+00,1.559653E+01,6.578162E+01,2.583914E+01,4.151238E+01
22:20:00,2.556536E+03,0.000000E+00,8.357054E-02,0.000000E+00,0.000000E+00,0.000000E+00,0.000000E+00,0.000000E+00,0.000000E+00,0.000000E+00,0.000000E+00,0.000000E+00,1.000000E+01,1.646225E+01,2.511950E+01,4.154158E+01,2.217292E+03,0.000000E+00,6.311981E-02,0.000000E+00,0.000000E+00,0.000000E+00,0.000000E+00,0.000000E+00,0.000000E+00,0.000000E+00,0.000000E+00,0.000000E+00,1.555075E+01,5.343361E+01,2.519285E+01,4.135807E+01,6.638318E+02,0.000000E+00,1.892249E-02,0.000000E+00,0.000000E+00,0.000000E+00,0.000000E+00,0.000000E+00,0.000000E+00,0.000000E+00,0.000000E+00,0.000000E+00,1.559654E+01,6.580413E+01,2.580737E+01,4.160255E+01
22:30:00,2.557576E+03,0.000000E+00,8.360454E-02,0.000000E+00,0.000000E+00,0.000000E+00,0.000000E+00,0.000000E+00,0.000000E+00,0.000000E+00,0.000000E+00,0.000000E+00,1.000000E+01,1.646225E+01,2.508059E+01,4.163734E+01,2.218694E+03,0.000000E+00,6.315974E-02,0.000000E+00,0.000000E+00,0.000000E+00,0.000000E+00,0.000000E+00,0.000000E+00,0.000000E+00,0.000000E+00,0.000000E+00,1.555075E+01,5.344368E+01,2.515870E+01,4.144158E+01,6.659426E+02,0.000000E+00,1.898267E-02,0.000000E+00,0.000000E+00,0.000000E+00,0.000000E+00,0.000000E+00,0.000000E+00,0.000000E+00,0.000000E+00,0.000000E+00,1.559654E+01,6.582432E+01,2.577721E+01,4.168842E+01
22:40:00,2.558523E+03,0.000000E+00,8.363551E-02,0.000000E+00,0.000000E+00,0.000000E+00,0.000000E+00,0.000000E+00,0.000000E+00,0.000000E+00,0.000000E+00,0.000000E+00,1.000000E+01,1.646225E+01,2.504580E+01,4.172314E+01,2.219984E+03,0.000000E+00,6.319646E-02,0.000000E+00,0.000000E+00,0.000000E+00,0.000000E+00,0.000000E+00,0.000000E+00,0.000000E+00,0.000000E+00,0.000000E+00,1.555076E+01,5.345281E+01,2.512683E+01,4.151968E+01,6.678829E+02,0.000000E+00,1.903798E-02,0.000000E+00,0.000000E+00,0.000000E+00,0.000000E+00,0.000000E+00,0.000000E+00,0.000000E+00,0.000000E+00,0.000000E+00,1.559655E+01,6.584259E+01,2.574828E+01,4.177094E+01
22:50:00,2.559393E+03,0.000000E+00,8.366396E-02,0.000000E+00,0.000000E+00,0.000000E+00,0.000000E+00,0.000000E+00,0.000000E+00,0.000000E+00,0.000000E+00,0.000000E+00,1.000000E+01,1.646225E+01,2.501387E+01,4.180202E+01,2.221179E+03,0.000000E+00,6.323047E-02,0.000000E+00,0.000000E+00,0.000000E+00,0.000000E+00,0.000000E+00,0.000000E+00,0.000000E+00,0.000000E+00,0.000000E+00,1.555076E+01,5.346112E+01,2.509626E+01,4.159472E+01,6.696797E+02,0.000000E+00,1.908920E-02,0.000000E+00,0.000000E+00,0.000000E+00,0.000000E+00,0.000000E+00,0.000000E+00,0.000000E+00,0.000000E+00,0.000000E+00,1.559655E+01,6.585928E+01,2.572035E+01,4.185065E+01
23:00:00,2.560199E+03,0.000000E+00,8.369030E-02,0.000000E+00,0.000000E+00,0.000000E+00,0.000000E+00,0.000000E+00,0.000000E+00,0.000000E+00,0.000000E+00,0.000000E+00,1.000000E+01,1.646225E+01,2.498383E+01,4.187636E+01,2.222293E+03,0.000000E+00,6.326219E-02,0.000000E+00,0.000000E+00,0.000000E+00,0.000000E+00,0.000000E+00,0.000000E+00,0.000000E+00,0.000000E+00,0.000000E+00,1.555076E+01,5.346876E+01,2.506653E+01,4.166785E+01,6.713550E+02,0.000000E+00,1.913695E-02,0.000000E+00,0.000000E+00,0.000000E+00,0.000000E+00,0.000000E+00,0.000000E+00,0.000000E+00,0.000000E+00,0.000000E+00,1.559656E+01,6.587464E+01,2.569336E+01,4.192773E+01
23:10:00,2.560951E+03,0.000000E+00,8.371487E-02,0.000000E+00,0.000000E+00,0.000000E+00,0.000000E+00,0.000000E+00,0.000000E+00,0.000000E+00,0.000000E+00,0.000000E+00,1.000000E+01,1.646225E+01,2.495512E+01,4.194753E+01,2.223338E+03,0.000000E+00,6.329195E-02,0.000000E+00,0.000000E+00,0.000000E+00,0.000000E+00,0.000000E+00,0.000000E+00,0.000000E+00,0.000000E+00,0.000000E+00,1.555076E+01,5.347582E+01,2.503751E+01,4.173937E+01,6.729269E+02,0.000000E+00,1.918176E-02,0.000000E+00,0.000000E+00,0.000000E+00,0.000000E+00,0.000000E+00,0.000000E+00,0.000000E+00,0.000000E+00,0.000000E+00,1.559656E+01,6.588888E+01,2.566721E+01,4.200242E+01
23:20:00,2.561657E+03,0.000000E+00,8.373796E-02,0.000000E+00,0.000000E+00,0.000000E+00,0.000000E+00,0.000000E+00,0.000000E+00,0.000000E+00,0.000000E+00,0.000000E+00,1.000000E+01,1.646225E+01,2.492741E+01,4.201632E+01,2.224325E+03,0.000000E+00,6.332004E-02,0.000000E+00,0.000000E+00,0.000000E+00,0.000000E+00,0.000000E+00,0.000000E+00,0.000000E+00,0.000000E+00,0.000000E+00,1.555076E+01,5.348240E+01,2.500918E+01,4.180931E+01,6.744102E+02,0.000000E+00,1.922405E-02,0.000000E+00,0.000000E+00,0.000000E+00,0.000000E+00,0.000000E+00,0.000000E+00,0.000000E+00,0.000000E+00,0.000000E+00,1.559656E+01,6.590219E+01,2.564179E+01,4.207501E+01
23:30:00,2.562325E+03,0.000000E+00,8.375980E-02,0.000000E+00,0.000000E+00,0.000000E+00,0.000000E+00,0.000000E+00,0.000000E+00,0.000000E+00,0.000000E+00,0.000000E+00,1.000000E+01,1.646225E+01,2.490049E+01,4.208326E+01,2.225261E+03,0.000000E+00,6.334668E-02,0.000000E+00,0.000000E+00,0.000000E+00,0.000000E+00,0.000000E+00,0.000000E+00,0.000000E+00,0.000000E+00,0.000000E+00,1.555076E+01,5.348855E+01,2.498149E+01,4.187782E+01,6.758172E+02,0.000000E+00,1.926415E-02,0.000000E+00,0.000000E+00,0.000000E+00,0.000000E+00,0.000000E+00,0.000000E+00,0.000000E+00,0.000000E+00,0.000000E+00,1.559656E+01,6.591468E+01,2.561699E+01,4.214577E+01
23:40:00,2.562961E+03,0.000000E+00,8.378058E-02,0.000000E+00,0.000000E+00,0.000000E+00,0.000000E+00,0.000000E+00,0.000000E+00,0.000000E+00,0.000000E+00,0.000000E+00,1.000000E+01,1.646225E+01,2.487419E+01,4.214878E+01,2.226153E+03,0.000000E+00,6.337207E-02,0.000000E+00,0.000000E+00,0.000000E+00,0.000000E+00,0.000000E+00,0.000000E+00,0.000000E+00,0.000000E+00,0.000000E+00,1.555076E+01,5.349435E+01,2.495434E+01,4.194509E+01,6.771577E+02,0.000000E+00,1.930237E-02,0.000000E+00,0.000000E+00,0.000000E+00,0.000000E+00,0.000000E+00,0.000000E+00,0.000000E+00,0.000000E+00,0.000000E+00,1.559657E+01,6.592649E+01,2.559272E+01,4.221494E+01
23:50:00,2.563570E+03,0.000000E+00,8.380048E-02,0.000000E+00,0.000000E+00,0.000000E+00,0.000000E+00,0.000000E+00,0.000000E+00,0.000000E+00,0.000000E+00,0.000000E+00,1.000000E+01,1.646225E+01,2.484834E+01,4.221329E+01,2.227006E+03,0.000000E+00,6.339638E-02,0.000000E+00,0.000000E+00,0.000000E+00,0.000000E+00,0.000000E+00,0.000000E+00,0.000000E+00,0.000000E+00,0.000000E+00,1.555076E+01,5.349985E+01,2.492765E+01,4.201135E+01,6.784401E+02,0.000000E+00,1.933892E-02,0.000000E+00,0.000000E+00,0.000000E+00,0.000000E+00,0.000000E+00,0.000000E+00,0.000000E+00,0.000000E+00,0.000000E+00,1.559657E+01,6.593769E+01,2.556890E+01,4.228272E+01
24:00:00,2.564155E+03,0.000000E+00,8.381961E-02,0.000000E+00,0.000000E+00,0.000000E+00,0.000000E+00,0.000000E+00,0.000000E+00,0.000000E+00,0.000000E+00,0.000000E+00,1.000000E+01,1.646225E+01,2.482279E+01,4.227714E+01,2.227827E+03,0.000000E+00,6.341973E-02,0.000000E+00,0.000000E+00,0.000000E+00,0.000000E+00,0.000000E+00,0.000000E+00,0.000000E+00,0.000000E+00,0.000000E+00,1.555076E+01,5.350507E+01,2.490133E+01,4.207679E+01,6.796711E+02,0.000000E+00,1.937402E-02,0.000000E+00,0.000000E+00,0.000000E+00,0.000000E+00,0.000000E+00,0.000000E+00,0.000000E+00,0.000000E+00,0.000000E+00,1.559657E+01,6.594838E+01,2.554545E+01,4.234930E+01
Peak,2.578135E+03,0.000000E+00,8.427660E-02,0.000000E+00,0.000000E+00,0.000000E+00,0.000000E+00,0.000000E+00,0.000000E+00,0.000000E+00,0.000000E+00,0.000000E+00,,,,,2.248274E+03,0.000000E+00,6.400364E-02,0.000000E+00,0.000000E+00,0.000000E+00,0.000000E+00,0.000000E+00,0.000000E+00,0.000000E+00,0.000000E+00,0.000000E+00,,,,,1.566111E+03,5.104865E+02,5.282749E-02,4.497077E-02,0.000000E+00,0.000000E+00,0.000000E+00,0.000000E+00,0.000000E+00,0.000000E+00,0.000000E+00,0.000000E+00,,,,

Peak Vol Flow (m3/s),,,7.026200E-02,0.000000E+00,,,0.000000E+00,0.000000E+00,,,,,,,,,,,5.336029E-02,0.000000E+00,,,0.000000E+00,0.000000E+00,,,,,,,,,,,4.404265E-02,3.749245E-02,,,0.000000E+00,0.000000E+00,,,,,,,,
