{
  "Create Bar From Building Type Ratios": {
    "bldg_type_a": "SmallOffice",
    "bldg_subtype_a": "NA",
    "bldg_type_a_num_units": 1,
    "bldg_type_b": "SmallOffice",
    "bldg_subtype_b": "NA",
    "bldg_type_b_fract_bldg_area": 0.0,
    "bldg_type_b_num_units": 1,
    "bldg_type_c": "SmallOffice",
    "bldg_subtype_c": "NA",
    "bldg_type_c_fract_bldg_area": 0.0,
    "bldg_type_c_num_units": 1,
    "bldg_type_d": "SmallOffice",
    "bldg_subtype_d": "NA",
    "bldg_type_d_fract_bldg_area": 0.0,
    "bldg_type_d_num_units": 1,
    "single_floor_area": 0.0,
    "total_bldg_floor_area": 4389.8,
    "floor_height": 18.0,
    "custom_height_bar": true,
    "num_stories_above_grade": 1.0,
    "num_stories_below_grade": 0,
    "building_rotation": 0.0,
    "template": "90.1-2004",
    "ns_to_ew_ratio": 1.5,
    "perim_mult": 0.0,
    "bar_sep_dist_mult": 10.0,
    "wwr": 0.15,
    "party_wall_fraction": 0.0,
    "party_wall_stories_north": 0,
    "party_wall_stories_south": 0,
    "party_wall_stories_east": 0,
    "party_wall_stories_west": 0,
    "neighbor_height_method": "Absolute",
    "building_height_relative_to_neighbors": 0.0,
    "neighbor_height_north": 0.0,
    "neighbor_height_south": 0.0,
    "neighbor_height_east": 0.0,
    "neighbor_height_west": 0.0,
    "neighbor_offset_north": 0.0,
    "neighbor_offset_south": 0.0,
    "neighbor_offset_east": 0.0,
    "neighbor_offset_west": 0.0,
    "bottom_story_ground_exposed_floor": true,
    "top_story_exterior_exposed_roof": true,
    "story_multiplier": "Basements Ground Mid Top",
    "make_mid_story_surfaces_adiabatic": false,
    "bar_division_method": "Multiple Space Types - Individual Stories Sliced",
    "double_loaded_corridor": "Primary Space Type",
    "space_type_sort_logic": "Building Type > Size",
    "use_upstream_args": true,
    "climate_zone": "ASHRAE 169-2013-8A",
    "wall_area_ip": 4868.769865171287,
    "ns_wall_area_ip": 2921.2619191027748,
    "ew_wall_area_ip": 1947.5079460685122,
    "floor_area_to_perim_ratio": 4.946670183014025,
    "bar_width": 54.09744294634759,
    "applicable": true
  },
  "Create Typical Building from Model": {
    "template": "90.1-2004",
    "system_type": "PSZ-AC with gas coil",
    "hvac_delivery_type": "Forced Air",
    "htg_src": "DistrictHeating",
    "clg_src": "Electricity",
    "swh_src": "Inferred",
    "kitchen_makeup": "None",
    "exterior_lighting_zone": "0 - Undeveloped Areas Parks",
    "add_constructions": true,
    "wall_construction_type": "WoodFramed",
    "add_space_type_loads": true,
    "add_elevators": false,
    "add_internal_mass": true,
    "add_exterior_lights": false,
    "onsite_parking_fraction": 0.0,
    "add_exhaust": true,
    "add_swh": true,
    "add_thermostat": true,
    "add_hvac": true,
    "add_refrigeration": false,
    "modify_wkdy_op_hrs": true,
    "wkdy_op_hrs_start_time": 24.0,
    "wkdy_op_hrs_duration": 24.0,
    "modify_wknd_op_hrs": false,
    "wknd_op_hrs_start_time": 24.0,
    "wknd_op_hrs_duration": 24.0,
    "unmet_hours_tolerance": 1.0,
    "remove_objects": true,
    "use_upstream_args": true,
    "climate_zone": "ASHRAE 169-2013-8A",
    "applicable": true
  },
  "OpenStudio Results": {
    "units": "SI",
    "building_summary_section": true,
    "annual_overview_section": true,
    "monthly_overview_section": true,
    "utility_bills_rates_section": true,
    "envelope_section_section": true,
    "space_type_breakdown_section": true,
    "space_type_details_section": true,
    "interior_lighting_section": true,
    "plug_loads_section": true,
    "exterior_light_section": true,
    "water_use_section": true,
    "hvac_load_profile": true,
    "zone_condition_section": true,
    "zone_summary_section": true,
    "zone_equipment_detail_section": true,
    "air_loops_detail_section": true,
    "plant_loops_detail_section": true,
    "outdoor_air_section": true,
    "cost_summary_section": true,
    "source_energy_section": true,
    "schedules_overview_section": true,
    "measure_warning_section": true,
    "reg_monthly_details": false,
    "standards_gem_version": "0.3.0",
    "workflow_gem_version": "2.3.1",
    "building_name": "n/a",
    "total_site_energy": 106730.55555555555,
    "net_site_energy": 106730.55555555555,
    "total_building_area": 407.83,
    "total_site_eui": 261.70354205319757,
    "eui": 261.70354205319757,
    "unmet_hours_during_heating": 0.0,
    "unmet_hours_during_cooling": 0.33,
    "unmet_hours_during_occupied_heating": 0.0,
    "unmet_hours_during_occupied_cooling": 0.33,
    "unmet_hours_tolerance_heating": 0.56,
    "unmet_hours_tolerance_cooling": 0.56,
    "end_use_heating": 47969.444444444445,
    "end_use_cooling": 1138.8888888888887,
    "end_use_interior_lighting": 16100.0,
    "end_use_exterior_lighting": 3313.888888888889,
    "end_use_interior_equipment": 11988.888888888889,
    "end_use_exterior_equipment": 0.0,
    "end_use_fans": 17725.0,
    "end_use_pumps": 0.0,
    "end_use_heat_rejection": 0.0,
    "end_use_humidification": 0.0,
    "end_use_heat_recovery": 0.0,
    "end_use_water_systems": 8491.666666666666,
    "end_use_refrigeration": 0.0,
    "end_use_generators": 0.0,
    "fuel_electricity": 191942.4450346499,
    "fuel_natural_gas": 172227.84893213288,
    "fuel_gasoline": 0.0,
    "fuel_diesel": 0.0,
    "fuel_coal": 0.0,
    "fuel_fuel_oil_no_1": 0.0,
    "fuel_fuel_oil_no_2": 0.0,
    "fuel_propane": 0.0,
    "fuel_other_fuel_1": 0.0,
    "fuel_other_fuel_2": 0.0,
    "fuel_district_cooling": 0.0,
    "fuel_district_heating": 0.0,
    "end_use_electricity_heating": 0.0,
    "end_use_electricity_cooling": 1138.8888888888887,
    "end_use_electricity_interior_lighting": 16100.0,
    "end_use_electricity_exterior_lighting": 3313.888888888889,
    "end_use_electricity_interior_equipment": 11988.888888888889,
    "end_use_electricity_exterior_equipment": 0.0,
    "end_use_electricity_fans": 17725.0,
    "end_use_electricity_pumps": 0.0,
    "end_use_electricity_heat_rejection": 0.0,
    "end_use_electricity_humidification": 0.0,
    "end_use_electricity_heat_recovery": 0.0,
    "end_use_electricity_water_systems": 5986.111111111111,
    "end_use_electricity_refrigeration": 0.0,
    "end_use_electricity_generators": 0.0,
    "end_use_natural_gas_heating": 47969.444444444445,
    "end_use_natural_gas_cooling": 0.0,
    "end_use_natural_gas_interior_lighting": 0.0,
    "end_use_natural_gas_exterior_lighting": 0.0,
    "end_use_natural_gas_interior_equipment": 0.0,
    "end_use_natural_gas_exterior_equipment": 0.0,
    "end_use_natural_gas_fans": 0.0,
    "end_use_natural_gas_pumps": 0.0,
    "end_use_natural_gas_heat_rejection": 0.0,
    "end_use_natural_gas_humidification": 0.0,
    "end_use_natural_gas_heat_recovery": 0.0,
    "end_use_natural_gas_water_systems": 2505.5555555555557,
    "end_use_natural_gas_refrigeration": 0.0,
    "end_use_natural_gas_generators": 0.0,
    "electricity_heating_ip": 0.0,
    "electricity_cooling_ip": 1138.5502760833335,
    "electricity_interior_lighting_ip": 16098.883333333335,
    "electricity_exterior_lighting_ip": 3314.1844444444446,
    "electricity_interior_equipment_ip": 11989.688888888888,
    "electricity_exterior_equipment_ip": 0.0,
    "electricity_fans_ip": 17725.416666666668,
    "electricity_pumps_ip": 0.48497212222222225,
    "electricity_heat_rejection_ip": 0.0,
    "electricity_humidification_ip": 0.0,
    "electricity_heat_recovery_ip": 0.0,
    "electricity_water_systems_ip": 5986.769444444444,
    "electricity_refrigeration_ip": 0.0,
    "electricity_generators_ip": 0.0,
    "electricity_ip": 56253.978025983335,
    "natural_gas_heating_ip": 47970.73694444445,
    "natural_gas_cooling_ip": 0.0,
    "natural_gas_interior_lighting_ip": 0.0,
    "natural_gas_exterior_lighting_ip": 0.0,
    "natural_gas_interior_equipment_ip": 0.0,
    "natural_gas_exterior_equipment_ip": 0.0,
    "natural_gas_fans_ip": 0.0,
    "natural_gas_pumps_ip": 0.0,
    "natural_gas_heat_rejection_ip": 0.0,
    "natural_gas_humidification_ip": 0.0,
    "natural_gas_heat_recovery_ip": 0.0,
    "natural_gas_water_systems_ip": 2505.23,
    "natural_gas_refrigeration_ip": 0.0,
    "natural_gas_generators_ip": 0.0,
    "natural_gas_ip": 50475.96694444445,
    "gasoline_heating_ip": 0.0,
    "gasoline_cooling_ip": 0.0,
    "gasoline_interior_lighting_ip": 0.0,
    "gasoline_exterior_lighting_ip": 0.0,
    "gasoline_interior_equipment_ip": 0.0,
    "gasoline_exterior_equipment_ip": 0.0,
    "gasoline_fans_ip": 0.0,
    "gasoline_pumps_ip": 0.0,
    "gasoline_heat_rejection_ip": 0.0,
    "gasoline_humidification_ip": 0.0,
    "gasoline_heat_recovery_ip": 0.0,
    "gasoline_water_systems_ip": 0.0,
    "gasoline_refrigeration_ip": 0.0,
    "gasoline_generators_ip": 0.0,
    "gasoline_ip": 0.0,
    "diesel_heating_ip": 0.0,
    "diesel_cooling_ip": 0.0,
    "diesel_interior_lighting_ip": 0.0,
    "diesel_exterior_lighting_ip": 0.0,
    "diesel_interior_equipment_ip": 0.0,
    "diesel_exterior_equipment_ip": 0.0,
    "diesel_fans_ip": 0.0,
    "diesel_pumps_ip": 0.0,
    "diesel_heat_rejection_ip": 0.0,
    "diesel_humidification_ip": 0.0,
    "diesel_heat_recovery_ip": 0.0,
    "diesel_water_systems_ip": 0.0,
    "diesel_refrigeration_ip": 0.0,
    "diesel_generators_ip": 0.0,
    "diesel_ip": 0.0,
    "coal_heating_ip": 0.0,
    "coal_cooling_ip": 0.0,
    "coal_interior_lighting_ip": 0.0,
    "coal_exterior_lighting_ip": 0.0,
    "coal_interior_equipment_ip": 0.0,
    "coal_exterior_equipment_ip": 0.0,
    "coal_fans_ip": 0.0,
    "coal_pumps_ip": 0.0,
    "coal_heat_rejection_ip": 0.0,
    "coal_humidification_ip": 0.0,
    "coal_heat_recovery_ip": 0.0,
    "coal_water_systems_ip": 0.0,
    "coal_refrigeration_ip": 0.0,
    "coal_generators_ip": 0.0,
    "coal_ip": 0.0,
    "fuel_oil_no_1_heating_ip": 0.0,
    "fuel_oil_no_1_cooling_ip": 0.0,
    "fuel_oil_no_1_interior_lighting_ip": 0.0,
    "fuel_oil_no_1_exterior_lighting_ip": 0.0,
    "fuel_oil_no_1_interior_equipment_ip": 0.0,
    "fuel_oil_no_1_exterior_equipment_ip": 0.0,
    "fuel_oil_no_1_fans_ip": 0.0,
    "fuel_oil_no_1_pumps_ip": 0.0,
    "fuel_oil_no_1_heat_rejection_ip": 0.0,
    "fuel_oil_no_1_humidification_ip": 0.0,
    "fuel_oil_no_1_heat_recovery_ip": 0.0,
    "fuel_oil_no_1_water_systems_ip": 0.0,
    "fuel_oil_no_1_refrigeration_ip": 0.0,
    "fuel_oil_no_1_generators_ip": 0.0,
    "fuel_oil_no_1_ip": 0.0,
    "fuel_oil_no_2_heating_ip": 0.0,
    "fuel_oil_no_2_cooling_ip": 0.0,
    "fuel_oil_no_2_interior_lighting_ip": 0.0,
    "fuel_oil_no_2_exterior_lighting_ip": 0.0,
    "fuel_oil_no_2_interior_equipment_ip": 0.0,
    "fuel_oil_no_2_exterior_equipment_ip": 0.0,
    "fuel_oil_no_2_fans_ip": 0.0,
    "fuel_oil_no_2_pumps_ip": 0.0,
    "fuel_oil_no_2_heat_rejection_ip": 0.0,
    "fuel_oil_no_2_humidification_ip": 0.0,
    "fuel_oil_no_2_heat_recovery_ip": 0.0,
    "fuel_oil_no_2_water_systems_ip": 0.0,
    "fuel_oil_no_2_refrigeration_ip": 0.0,
    "fuel_oil_no_2_generators_ip": 0.0,
    "fuel_oil_no_2_ip": 0.0,
    "propane_heating_ip": 0.0,
    "propane_cooling_ip": 0.0,
    "propane_interior_lighting_ip": 0.0,
    "propane_exterior_lighting_ip": 0.0,
    "propane_interior_equipment_ip": 0.0,
    "propane_exterior_equipment_ip": 0.0,
    "propane_fans_ip": 0.0,
    "propane_pumps_ip": 0.0,
    "propane_heat_rejection_ip": 0.0,
    "propane_humidification_ip": 0.0,
    "propane_heat_recovery_ip": 0.0,
    "propane_water_systems_ip": 0.0,
    "propane_refrigeration_ip": 0.0,
    "propane_generators_ip": 0.0,
    "propane_ip": 0.0,
    "other_fuel_1_heating_ip": 0.0,
    "other_fuel_1_cooling_ip": 0.0,
    "other_fuel_1_interior_lighting_ip": 0.0,
    "other_fuel_1_exterior_lighting_ip": 0.0,
    "other_fuel_1_interior_equipment_ip": 0.0,
    "other_fuel_1_exterior_equipment_ip": 0.0,
    "other_fuel_1_fans_ip": 0.0,
    "other_fuel_1_pumps_ip": 0.0,
    "other_fuel_1_heat_rejection_ip": 0.0,
    "other_fuel_1_humidification_ip": 0.0,
    "other_fuel_1_heat_recovery_ip": 0.0,
    "other_fuel_1_water_systems_ip": 0.0,
    "other_fuel_1_refrigeration_ip": 0.0,
    "other_fuel_1_generators_ip": 0.0,
    "other_fuel_1_ip": 0.0,
    "other_fuel_2_heating_ip": 0.0,
    "other_fuel_2_cooling_ip": 0.0,
    "other_fuel_2_interior_lighting_ip": 0.0,
    "other_fuel_2_exterior_lighting_ip": 0.0,
    "other_fuel_2_interior_equipment_ip": 0.0,
    "other_fuel_2_exterior_equipment_ip": 0.0,
    "other_fuel_2_fans_ip": 0.0,
    "other_fuel_2_pumps_ip": 0.0,
    "other_fuel_2_heat_rejection_ip": 0.0,
    "other_fuel_2_humidification_ip": 0.0,
    "other_fuel_2_heat_recovery_ip": 0.0,
    "other_fuel_2_water_systems_ip": 0.0,
    "other_fuel_2_refrigeration_ip": 0.0,
    "other_fuel_2_generators_ip": 0.0,
    "other_fuel_2_ip": 0.0,
    "district_cooling_heating_ip": 0.0,
    "district_cooling_cooling_ip": 0.0,
    "district_cooling_interior_lighting_ip": 0.0,
    "district_cooling_exterior_lighting_ip": 0.0,
    "district_cooling_interior_equipment_ip": 0.0,
    "district_cooling_exterior_equipment_ip": 0.0,
    "district_cooling_fans_ip": 0.0,
    "district_cooling_pumps_ip": 0.0,
    "district_cooling_heat_rejection_ip": 0.0,
    "district_cooling_humidification_ip": 0.0,
    "district_cooling_heat_recovery_ip": 0.0,
    "district_cooling_water_systems_ip": 0.0,
    "district_cooling_refrigeration_ip": 0.0,
    "district_cooling_generators_ip": 0.0,
    "district_cooling_ip": 0.0,
    "district_heating_heating_ip": 0.0,
    "district_heating_cooling_ip": 0.0,
    "district_heating_interior_lighting_ip": 0.0,
    "district_heating_exterior_lighting_ip": 0.0,
    "district_heating_interior_equipment_ip": 0.0,
    "district_heating_exterior_equipment_ip": 0.0,
    "district_heating_fans_ip": 0.0,
    "district_heating_pumps_ip": 0.0,
    "district_heating_heat_rejection_ip": 0.0,
    "district_heating_humidification_ip": 0.0,
    "district_heating_heat_recovery_ip": 0.0,
    "district_heating_water_systems_ip": 0.0,
    "district_heating_refrigeration_ip": 0.0,
    "district_heating_generators_ip": 0.0,
    "district_heating_ip": 0.0,
    "typical_iead_roof_r_20_83": 407.8257649920005,
    "typical_insulated_wood_framed_exterior_wall_r_19_61": 384.4749933045825,
    "u_0_46_shgc_0_45_dbl_grey_6_mm_13_mm_air": 67.84852823022021,
    "gross_window_wall_ratio": 15.0,
    "gross_window_wall_ratio_conditioned": 15.0,
    "skylight_roof_ratio": 0.0,
    "space_type_office_whole_building_sm_office_2_90_1_2004": 407.8257649920005,
    "office_whole_building_sm_office_2_90_1_2004_service_water_use_0_04_gpm_at_140_f": 0.009060632850509892,
    "zone_max_hours_over_70_rh": 0,
    "zone_max_hours_over_55_rh": 157.0,
    "num_zones_x_hours_over_70": 0,
    "num_zones_x_hours_over_55": 9,
    "inflation_approach": "Constant Dollar",
    "analysis_length": 25,
    "number_of_measures_with_warnings": 1,
    "number_warnings": 42,
    "annual_peak_electric_demand": 16.54916,
    "first_year_capital_cost": 0.0,
    "annual_utility_cost": 0.0,
    "total_lifecycle_cost": 0.0,
    "applicable": true
  }
}